peptaloid_id,coconut_id,npatlas_id,supernatural_id,zinc_id,InChIKey,Compound_InChI,smiles,MolecularFormula,IUPAC Name,Compound Name,origin_type,genus,origin_species,carbon_count,SlogP,TPSA,Exact_MW,Num_Rotatable_Bonds,Num_HBD,Num_HBA,Num_Amide_Bonds,Num_Hetero_Atoms,Num_Heavy_Atoms,Num_Atoms,Num_StereoCenters,Num_Aromatic_Rings,Num_Saturated_Rings,Num_Aliphatic_Rings,CX_LogP,CX_LogD,Heavy_Atoms,Lipinski,total_charge,qed_score,Alcohol,Aldehyde,Ketone,Carboxylic Acid,Amine,Thiol,AMES,BBB_Martins,Bioavailability_Ma,CYP1A2_Veith,CYP2C19_Veith,CYP2C9_Substrate_CarbonMangels,CYP2C9_Veith,CYP2D6_Substrate_CarbonMangels,CYP2D6_Veith,CYP3A4_Substrate_CarbonMangels,CYP3A4_Veith,Carcinogens_Lagunin,ClinTox,DILI,HIA_Hou,NR-AR-LBD,NR-AR,NR-AhR,NR-Aromatase,NR-ER-LBD,NR-ER,NR-PPAR-gamma,PAMPA_NCATS,Pgp_Broccatelli,SR-ARE,SR-ATAD5,SR-HSE,SR-MMP,SR-p53,Skin_Reaction,hERG,Caco2_Wang,Clearance_Hepatocyte_AZ,Clearance_Microsome_AZ,Half_Life_Obach,HydrationFreeEnergy_FreeSolv,LD50_Zhu,Lipophilicity_AstraZeneca,PPBR_AZ,Solubility_AqSolDB,VDss_Lombardo,Lipinski_drugbank_approved_percentile,AMES_drugbank_approved_percentile,BBB_Martins_drugbank_approved_percentile,Bioavailability_Ma_drugbank_approved_percentile,CYP1A2_Veith_drugbank_approved_percentile,CYP2C19_Veith_drugbank_approved_percentile,CYP2C9_Substrate_CarbonMangels_drugbank_approved_percentile,CYP2C9_Veith_drugbank_approved_percentile,CYP2D6_Substrate_CarbonMangels_drugbank_approved_percentile,CYP2D6_Veith_drugbank_approved_percentile,CYP3A4_Substrate_CarbonMangels_drugbank_approved_percentile,CYP3A4_Veith_drugbank_approved_percentile,Carcinogens_Lagunin_drugbank_approved_percentile,ClinTox_drugbank_approved_percentile,DILI_drugbank_approved_percentile,HIA_Hou_drugbank_approved_percentile,NR-AR-LBD_drugbank_approved_percentile,NR-AR_drugbank_approved_percentile,NR-AhR_drugbank_approved_percentile,NR-Aromatase_drugbank_approved_percentile,NR-ER-LBD_drugbank_approved_percentile,NR-ER_drugbank_approved_percentile,NR-PPAR-gamma_drugbank_approved_percentile,PAMPA_NCATS_drugbank_approved_percentile,Pgp_Broccatelli_drugbank_approved_percentile,SR-ARE_drugbank_approved_percentile,SR-ATAD5_drugbank_approved_percentile,SR-HSE_drugbank_approved_percentile,SR-MMP_drugbank_approved_percentile,SR-p53_drugbank_approved_percentile,Skin_Reaction_drugbank_approved_percentile,hERG_drugbank_approved_percentile,Caco2_Wang_drugbank_approved_percentile,Clearance_Hepatocyte_AZ_drugbank_approved_percentile,Clearance_Microsome_AZ_drugbank_approved_percentile,Half_Life_Obach_drugbank_approved_percentile,HydrationFreeEnergy_FreeSolv_drugbank_approved_percentile,LD50_Zhu_drugbank_approved_percentile,Lipophilicity_AstraZeneca_drugbank_approved_percentile,PPBR_AZ_drugbank_approved_percentile,Solubility_AqSolDB_drugbank_approved_percentile,VDss_Lombardo_drugbank_approved_percentile
PT000001,CNP0331761,,SN0389485,ZINC000012371913,VGHFRJJPSMAHFO-UHFFFAOYSA-N,"InChI=1S/C23H23N3O3S/c1-30-17-8-6-7-16(13-17)24-21(27)15-26-20-10-3-2-9-18(20)19(14-22(26)28)23(29)25-11-4-5-12-25/h2-3,6-10,13-14H,4-5,11-12,15H2,1H3,(H,24,27)",O=C1C=C(C(=O)N2CCCC2)C=3C=CC=CC3N1CC(=O)NC=4C=CC=C(SC)C4,C23H23N3O3S,N-(3-methylsulfanylphenyl)-2-[2-oxo-4-(pyrrolidine-1-carbonyl)quinolin-1-yl]acetamide,STK410532,,,,23,3.5981,71.41,421.146012596,5,1,5,2,7,30,30,0,3,1,1,3.5981,3.5981,30,4,0,0.639266140489828,0,0,3,0,1,0,0.0637234050780535,0.861810946464539,0.71748468875885,0.263574275374413,0.840426862239838,0.572512495517731,0.783265769481659,0.23578964471817,0.108885070681572,0.70240912437439,0.951865482330322,0.188108260929585,0.220838075876236,0.921434557437897,0.999284017086029,0.0223043484613299,0.0275435138493776,0.240972298383713,0.0931417062878609,0.0127250015735626,0.127619791030884,0.0814006753265858,0.941083979606628,0.784912157058716,0.546800500154495,0.0352731060236692,0.117506219446659,0.364244788885117,0.12988725155592,0.265722978115082,0.74198192358017,-5.1786057786819,96.1770638125947,59.4597024746049,48.2356568099116,-12.6165818025653,2.37171025951537,2.69377818035648,85.1294946651027,-4.76521568014088,-3.87884196553318,63.8037999224506,23.7301279565723,62.6987204342769,38.7747188832881,73.9433889104304,95.5021326095386,95.9286545172547,96.3551764249709,69.7557192710353,63.5517642497092,73.1291198138814,97.4796432725863,56.5723148507173,68.7475765800698,84.2962388522683,69.3679720822024,69.2516479255525,55.3702985653354,84.2962388522683,72.1209771229159,41.8379216750679,65.2578518805739,89.2594028693292,76.8902675455603,87.6696393951144,86.1186506397829,76.1147731678945,86.4676231097325,80.5738658394727,78.9065529274913,30.7095773555642,74.4086855370299,37.8829003489725,89.104303993796,82.3962776269872,86.7778208607988,23.5750290810392,40.0930593253199,73.8270647537805,63.8619620007755,17.6424970918961,12.4854594804188
PT000671,CNP0005519,NPA013897,,ZINC000013370355,AILGRWSIRAPLCJ-UHFFFAOYSA-N,"InChI=1S/C19H23NO3/c1-12(2)9-10-23-15-7-5-14(6-8-15)17-16(11-13(3)4)18(21)20-19(17)22/h5-9,13H,10-11H2,1-4H3,(H,20,21,22)",O=C1NC(=O)C(=C1C=2C=CC(OCC=C(C)C)=CC2)CC(C)C,C19H23NO3,"3-[4-(3-methylbut-2-enoxy)phenyl]-4-(2-methylpropyl)pyrrole-2,5-dione",Antrodin B,,,,19,3.4877,55.4,313.167793596,6,1,3,2,4,23,23,0,1,0,1,3.4877,3.4877,23,4,0,0.645902456312203,0,0,3,0,1,0,0.312862378358841,0.825932562351227,0.841274094581604,0.83065265417099,0.699037122726441,0.460299801826477,0.617875671386719,0.264130398631096,0.0398900046944618,0.793723225593567,0.447916603088379,0.715838265419006,0.0775641985237598,0.820792162418366,0.999435770511627,0.0097575802821666,0.0274312671273947,0.431281018257141,0.250355008244514,0.123196466267109,0.285528272390366,0.168545669317246,0.948240423202515,0.384601479768753,0.630739259719849,0.0772504717111588,0.55792453289032,0.80982049703598,0.38014934360981,0.737619388103485,0.466131734848022,-4.75020936992104,41.7404296000797,43.1605098713956,3.90689670825891,-6.23069779538758,2.32015594872759,3.40338704799438,109.579406844529,-5.25299278921648,2.05495610422486,63.8037999224506,67.3904614191547,58.2396277626987,58.8600232648313,93.0205506010081,91.0430399379604,91.1593640946103,93.0981000387747,71.733229934083,47.0725087243117,86.9716944552152,78.4412563008918,96.1613028305545,45.1725474990306,73.2454439705312,71.8883288096161,47.1888328809616,55.2151996898023,91.3532376890268,88.6002326483133,89.8797983714618,87.6308646762311,94.4939899185731,79.1779759596743,70.4536642109345,89.7246994959287,85.6145792943001,97.5184179914696,95.6184567661884,93.0593253198914,78.867778208608,61.7293524621947,64.6374563784413,55.2151996898023,73.3617681271811,44.3582784024816,81.3105854982551,37.0298565335401,88.3675843350136,99.1469561845677,11.167119038387,54.4397053121365
PT000798,CNP0006400,,SN0007530,ZINC000012376464,AJWDAMKOZTXGIF-UHFFFAOYSA-N,"InChI=1S/C25H20FN3O3/c26-18-10-12-19(13-11-18)28-23(30)16-29-22-9-5-4-8-20(22)21(14-24(29)31)25(32)27-15-17-6-2-1-3-7-17/h1-14H,15-16H2,(H,27,32)(H,28,30)",O=C1C=C(C(=O)NCC=2C=CC=CC2)C=3C=CC=CC3N1CC(=O)NC4=CC=C(F)C=C4,C25H20FN3O3,N-benzyl-1-[2-(4-fluoroanilino)-2-oxoethyl]-2-oxoquinoline-4-carboxamide,STK497367,,,,25,3.7093,80.2,429.14886972,6,2,4,2,7,32,32,0,4,0,0,3.7093,3.7093,32,4,0,0.490435879354341,0,0,3,0,2,0,0.310736328363419,0.754113352298737,0.844684171676636,0.151986591517925,0.826003789901733,0.57433352470398,0.775879907608032,0.111218857765198,0.253873938322067,0.726470267772675,0.679157739877701,0.627191925048828,0.273593464493752,0.95781010389328,0.996875441074371,0.0123505462892354,0.0244469687342644,0.356810295581818,0.124407131969929,0.00736842318437994,0.0773506104946136,0.0506931807845831,0.839902400970459,0.775320816040039,0.470545506477356,0.0262791778892279,0.0693965867161751,0.572238755226135,0.111680397391319,0.219861255586147,0.868381905555725,-5.21167926660643,74.4349646755835,56.6419186060804,72.7486983554286,-10.819983366643,3.04139341274274,3.1890389028509,95.5030985425613,-5.22766529155329,4.07181760133312,63.8037999224506,67.0802636680884,51.5703761147732,59.4804187669639,66.2272198526561,94.9205118262893,96.0062039550213,96.2000775494378,51.7642497091896,76.5025203567274,76.9678169833269,86.3900736719659,93.7572702597906,74.2535866614967,90.7716169057774,53.5091120589376,54.0907328421869,50.9887553315239,89.104303993796,77.12291585886,28.6545172547499,43.9705312136487,83.9472663823187,58.5886002326483,87.0880186118651,82.241178751454,72.1985265606824,79.8371461806902,88.0573865839473,76.9290422644436,23.2648313299729,83.4819697557193,36.2155874369911,79.682047305157,81.5432338115549,92.322605661109,38.3094222566886,80.7289647150058,84.7227607599845,83.5595191934858,11.5160915083366,68.5149282667701
PT036630,,NPA000027,SN0250499,,NNSMCJXCEMTDJF-DULUVLRMSA-N,"InChI=1S/C41H57N3O9/c1-24(2)21-30-39(48)52-34(26(5)6)37(46)44(10)32(23-29-19-15-12-16-20-29)41(50)53-35(27(7)8)38(47)43(9)31(22-28-17-13-11-14-18-28)40(49)51-33(25(3)4)36(45)42-30/h11-20,24-27,30-35H,21-23H2,1-10H3,(H,42,45)/t30-,31-,32-,33+,34+,35+/m0/s1",CC(C)C[C@H]1C(=O)O[C@@H](C(=O)N([C@H](C(=O)O[C@@H](C(=O)N([C@H](C(=O)O[C@@H](C(=O)N1)C(C)C)CC2=CC=CC=C2)C)C(C)C)CC3=CC=CC=C3)C)C(C)C,C41H57N3O9,"(3S,6R,9S,12R,15S,18R)-3,9-dibenzyl-4,10-dimethyl-15-(2-methylpropyl)-6,12,18-tri(propan-2-yl)-1,7,13-trioxa-4,10,16-triazacyclooctadecane-2,5,8,11,14,17-hexone",Beauvericin E,Fungus,Beauveria,sp. FKI-1366,41,4.37370000000001,148.62,735.409480404,9,1,9,3,12,53,53,6,2,1,1,4.37370000000001,4.37370000000001,53,3,0,0.292867550858923,0,0,3,3,1,0,0.332433450222015,0.11034460067749,0.7760125041008,0.00165855442755856,0.315326142311096,0.187861120700836,0.208411928266287,0.0242120694369078,0.0121134508983232,0.726825559139252,0.942159998416901,0.29020559489727,0.206437911093235,0.922208428382874,0.970776462554932,0.00755486795678735,0.0199498737230897,0.0100118573289365,0.0842458412051201,0.0321945706382394,0.082275727391243,0.0639345273375511,0.81047887802124,0.956165385246277,0.447855561971664,0.02308305548504,0.0563252277672291,0.348894721269608,0.0414402641355991,0.341232073307037,0.540848195552826,-4.97411386259707,92.5979873166752,76.8899692737152,70.9397622890541,-8.16464226600049,3.36818611636174,3.02507769979253,96.3411218529093,-5.18667766193498,7.55309003962681,20.9189608375339,69.6006203955021,6.90189996122528,46.9949592865452,14.8894920511826,73.5944164404808,59.2865451725475,76.580069794494,17.9139201240791,27.6463745637844,77.0065917022102,96.898022489337,71.2679333074835,67.3516867002714,84.4125630089182,33.5789065529275,41.0236525785188,44.7072508724312,35.2849941837922,70.259790616518,66.5761923226057,46.4521132221791,87.0492438929818,55.719271035285,97.5959674292361,80.6901899961225,70.0271423032183,76.6576192322606,80.0310197751066,62.1946490887941,39.97673516867,65.9945715393563,50.5234587049244,88.1349360217138,89.8022489336952,91.9348584722761,64.870104691741,90.0736719658783,81.426909654905,84.9166343544009,11.8262892594029,85.5758045754168
PT037122,,NPA000059,SN0289824,,PMYKSEMADATAMV-AOUILNQWSA-N,"InChI=1S/C24H38N2O7/c1-15(2)6-5-11-24(4)18(33-24)8-7-16(3)10-13-31-14-17-20(28)21(29)22(32-17)26-12-9-19(27)25-23(26)30/h6,10,17-18,20-22,28-29H,5,7-9,11-14H2,1-4H3,(H,25,27,30)/b16-10+/t17-,18?,20-,21-,22-,24?/m1/s1",CC(=CCCC1(C(O1)CC/C(=C/COC[C@@H]2[C@H]([C@H]([C@@H](O2)N3CCC(=O)NC3=O)O)O)/C)C)C,C24H38N2O7,"1-[(2R,3R,4S,5R)-3,4-dihydroxy-5-[[(E)-3-methyl-5-[3-methyl-3-(4-methylpent-3-enyl)oxiran-2-yl]pent-2-enoxy]methyl]oxolan-2-yl]-1,3-diazinane-2,4-dione",Farneside A,Bacterium,Streptomyces,sp. strain CNT-372,24,2.022,120.86,466.267901556,11,3,7,3,9,33,33,6,0,3,3,2.022,2.022,33,4,0,0.241981570858394,2,0,3,0,1,0,0.643699663877487,0.73186462521553,0.264734551310539,0.00101439069640037,0.0100714441388845,0.016214589541778,0.00581664349883795,0.0303318809717894,0.0195426942314953,0.476492965221405,0.0378762796521187,0.0309892142191529,0.458383893966675,0.242143380641937,0.676288592815399,0.0287592576816678,0.118637348711491,0.00479359889868647,0.0643448814749718,0.0481497228145599,0.139850234985352,0.0149728891439736,0.372822594642639,0.333644139766693,0.426930439472199,0.00759925812017173,0.0402643349021673,0.0266107146628201,0.182360257208347,0.431113296747208,0.314849290251732,-5.58046194116015,76.88396782701,67.6090154499648,17.0637688855542,-12.1309656117164,3.1786424880729,1.85524293408922,97.3669087275533,-3.32621580378511,2.93638300832325,63.8037999224506,89.9573478092284,49.2051182628926,6.70802636680884,11.2834431950368,16.4017060876309,5.66110895696006,24.0403257076386,22.6444358278402,34.3931756494765,49.127568825126,43.737882900349,13.183404420318,86.1574253586662,35.9829391236914,20.5118262892594,75.7270259790617,88.1349360217138,25.0096936797208,65.68437378829,75.8821248545948,68.1659557968205,67.2741372625049,28.5769678169833,67.9333074835207,79.5269484296239,51.6479255525397,71.1903838697169,45.4051958123304,84.0635905389686,50.9112058937573,51.9968980224893,20.9771229158589,81.1167119038387,86.3125242341993,63.9007367196588,26.9096549050019,86.002326483133,57.1539356339667,86.9329197363319,44.280728964715,60.6048856145793
PT038457,,NPA000159,,ZINC000000900070,LSGOTAXPWMCUCK-VXGBXAGGSA-N,"InChI=1S/C14H16N2O3/c17-10-5-3-9(4-6-10)8-11-14(19)16-7-1-2-12(16)13(18)15-11/h3-6,11-12,17H,1-2,7-8H2,(H,15,18)/t11-,12-/m1/s1",C1C[C@@H]2C(=O)N[C@@H](C(=O)N2C1)CC3=CC=C(C=C3)O,C14H16N2O3,"(3R,8aR)-3-[(4-hydroxyphenyl)methyl]-2,3,6,7,8,8a-hexahydropyrrolo[1,2-a]pyrazine-1,4-dione",Cyclo(D-Tyr-D-Pro),Fungus,Aspergillus,versicolor ZBY-3,14,0.424099999999999,69.64,260.116092372,2,2,3,2,5,19,19,2,1,2,2,0.424099999999999,0.424099999999999,19,4,0,0.809587780289149,1,0,3,0,1,0,0.271877032518387,0.588616716861725,0.729226779937744,0.00581676126457751,0.0336183159612119,0.266695183515549,0.005964307411341,0.173647974804044,0.0038050081464462,0.650315010547638,0.0112897312967107,0.0408332614228129,0.067432015389204,0.241778421401978,0.97670019865036,0.0296731038019061,0.0437033630907536,0.0140419179573655,0.0129145705606788,0.0341915339231491,0.254995933175087,0.00433756486745551,0.384190618246794,0.00673979500425048,0.0950841747224331,0.00919455005787313,0.00955164408078417,0.00681560197845101,0.0509515259414911,0.521628957986832,0.0535558340605348,-4.98630592639195,62.8333768244901,12.9010260514303,-0.974553708990002,-13.3320616332415,1.98033339178607,0.762204805269544,64.1474818965379,-2.83701754034235,3.44969275620555,63.8037999224506,63.0864676231097,36.4482357502908,40.5195812330361,27.3749515316014,31.756494765413,73.4005428460644,24.3505234587049,62.6599457153936,15.0058162078325,67.0414889492051,33.5401318340442,16.7506785575805,42.4970918960838,35.9829391236914,35.129895308259,76.2698720434277,69.7944939899186,40.6359053896859,41.1399767351687,68.0496316401706,85.188057386584,48.5071733229934,28.9647150058162,18.573090345095,42.8072896471501,54.2070569988368,42.9236138037999,29.5075610701822,65.3741760372237,60.1395889879798,22.5281116711904,49.6704148894921,72.4699495928655,43.5827840248158,35.2074447460256,18.2241178751454,19.1547111283443,38.0379992245056,36.0604885614579,53.8968592477705,64.4435827840248
PT038458,,NPA000174,,,HZQUHROMJDWEGY-QXUMGSNFSA-N,"InChI=1S/C44H78N10O11/c1-18-24(4)30(48-36(62)41(10,11)51-33(59)29(23(2)3)47-37(63)42(12,13)53-38(64)43(14,15)49-27(7)56)34(60)52-40(8,9)35(61)46-25(5)31(57)45-26(6)32(58)50-44(16,17)39(65)54-21-19-20-28(54)22-55/h23-26,28-30,55H,18-22H2,1-17H3,(H,45,57)(H,46,61)(H,47,63)(H,48,62)(H,49,56)(H,50,58)(H,51,59)(H,52,60)(H,53,64)/t24-,25-,26-,28-,29-,30-/m0/s1",CC[C@H](C)[C@@H](C(=O)NC(C)(C)C(=O)N[C@@H](C)C(=O)N[C@@H](C)C(=O)NC(C)(C)C(=O)N1CCC[C@H]1CO)NC(=O)C(C)(C)NC(=O)[C@H](C(C)C)NC(=O)C(C)(C)NC(=O)C(C)(C)NC(=O)C,C44H78N10O11,"(2S,3S)-2-[[2-[[(2S)-2-[[2-[(2-acetamido-2-methylpropanoyl)amino]-2-methylpropanoyl]amino]-3-methylbutanoyl]amino]-2-methylpropanoyl]amino]-N-[1-[[(2S)-1-[[(2S)-1-[[1-[(2S)-2-(hydroxymethyl)pyrrolidin-1-yl]-2-methyl-1-oxopropan-2-yl]amino]-1-oxopropan-2-yl]amino]-1-oxopropan-2-yl]amino]-2-methyl-1-oxopropan-2-yl]-3-methylpentanamide",aspereline C,Fungus,Trichoderma,asperellum,44,-0.855300000000002,302.44,922.585153316,22,10,11,10,21,65,65,6,0,1,1,-0.855300000000002,-0.855300000000002,65,1,0,0.0637903888409063,1,0,10,0,9,0,0.0174137769266963,0.0684871528297663,0.291242447495461,4.2460361146368084e-05,0.0116689086891711,0.0469858797267079,0.00393233506474644,0.0193256925791502,0.00900473387446255,0.83441766500473,0.581943625211716,0.139724715054035,0.0180035216733813,0.251302103698254,0.701108622550964,0.00247598106507212,0.00909354775212705,0.00150442427693633,0.00152653303230181,0.00500318753183819,0.0188434687443078,0.000197995722555788,0.687322950363159,0.0996876575052738,0.0930037505924702,7.582410553368391e-05,0.00283394719590433,0.00135055223363452,0.000877598585793749,0.130712279677391,0.166494707763195,-5.81589542994175,0.905475870885137,86.9759242419164,24.3619467213835,-11.8702452741977,3.1693629596494,1.86092986930206,77.1505271059088,-4.55685115981881,1.41453589789293,2.90810391624661,6.82435052345871,4.07134548274525,8.37533927879023,1.20201628538193,17.9526948429624,17.1772004652966,20.1628538193098,13.6099263280341,23.7301279565723,92.7879022877084,83.2493214424195,47.1888328809616,17.6812718107794,36.6808840635905,20.8995734780923,19.4261341605273,23.0321830166731,12.7956572314851,18.6894145017449,22.2179139201241,6.28150445909267,12.252811167119,45.2500969367972,51.2214036448236,42.535866614967,6.16518030244281,21.132221791392,15.1221403644824,11.6324156649864,10.0814269096549,38.891043039938,15.2772392400155,15.5874369910818,93.0981000387747,70.9189608375339,28.6932919736332,85.8472276075999,57.1927103528499,52.5785188057387,21.1709965102753,49.0500193873594
PT038459,,NPA000180,,,OXBVVUPTVONEJO-UOWMTLPVSA-N,"InChI=1S/C56H99N9O16/c1-13-15-16-17-18-19-20-21-36(68)27-43(69)57-38(24-30(3)4)49(73)58-37(22-23-44(70)71)48(72)65-47-35(12)81-56(80)46(34(11)14-2)64-53(77)42(29-67)62-50(74)39(25-31(5)6)59-52(76)41(28-66)61-51(75)40(26-32(7)8)60-54(78)45(33(9)10)63-55(47)79/h30-42,45-47,66-68H,13-29H2,1-12H3,(H,57,69)(H,58,73)(H,59,76)(H,60,78)(H,61,75)(H,62,74)(H,63,79)(H,64,77)(H,65,72)(H,70,71)/t34?,35?,36-,37+,38-,39-,40-,41+,42+,45+,46-,47+/m0/s1",CCCCCCCCC[C@@H](CC(=O)N[C@@H](CC(C)C)C(=O)N[C@H](CCC(=O)O)C(=O)N[C@@H]1C(OC(=O)[C@@H](NC(=O)[C@H](NC(=O)[C@@H](NC(=O)[C@H](NC(=O)[C@@H](NC(=O)[C@H](NC1=O)C(C)C)CC(C)C)CO)CC(C)C)CO)C(C)CC)C)O,C56H99N9O16,"(4R)-5-[[(3S,6R,9S,12R,15S,18R,21R)-3-butan-2-yl-6,12-bis(hydroxymethyl)-22-methyl-9,15-bis(2-methylpropyl)-2,5,8,11,14,17,20-heptaoxo-18-propan-2-yl-1-oxa-4,7,10,13,16,19-hexazacyclodocos-21-yl]amino]-4-[[(2S)-2-[[(3S)-3-hydroxydodecanoyl]amino]-4-methylpentanoyl]amino]-5-oxopentanoic acid",Massetolide H,Bacterium,Pseudomonas,sp.,56,0.876399999999991,386.19,1153.720978088,29,13,15,9,25,81,81,12,0,1,1,0.876399999999991,0.876399999999991,81,1,0,0.0365154961849468,4,0,9,2,9,0,0.24142624437809,0.0490218921564519,0.380183696746826,0.000782924899249338,0.0113023567944765,0.0158000065013766,0.0114664974622428,0.00857706731185317,0.00496391802444123,0.490271294116974,0.280201989412308,0.0752708420157433,0.0927457589656115,0.759552085399628,0.0702575780451298,0.0211267695762217,0.0627459995448589,0.00675273821689189,0.0503285298123956,0.0474879086017609,0.0925176829099655,0.0927928671240807,0.108441810309887,0.226429694890976,0.382183808088303,0.0674292881041765,0.0480827279388905,0.0255228329449892,0.226477374136448,0.358494326472282,0.16360801756382,-6.50636195497318,23.929584792429,58.3080095992019,2.70028579040985,-11.9721556800886,2.98062974369775,0.271474659580036,86.4050911033648,-4.67464400481034,0.21685832904948,2.90810391624661,58.5886002326483,2.44280728964715,12.6793330748352,9.88755331523846,17.6812718107794,5.42846064366033,31.9503683598294,3.10197751066305,17.6424970918961,50.5234587049244,71.2679333074835,29.468786351299,49.5540907328422,68.4761535478868,6.24272974020938,68.0108569212873,78.7514540519581,29.6238852268321,60.9150833656456,75.6494765412951,52.0356727413726,90.5001938735944,14.5792943001163,62.8925940286933,76.8902675455603,83.443195036836,74.2148119426134,44.9011244668476,87.3982163629314,42.7297402093835,38.6971694455215,5.62233423807677,36.7972082202404,81.9309810003878,42.0705699883676,28.1116711903839,77.7820860798759,30.9810003877472,66.3823187281892,18.8832880961613,38.3869716944552
PT038460,,NPA000183,SN0298475,,PYJCGDAGBRDTNC-WDAIGYCPSA-N,"InChI=1S/C34H44N2O10S4/c1-7-17(3)27(37)19(5)29(39)45-23-9-11-43-15-21-13-33-32(42)36-26-22(14-34(36,48-50-49-47-33)31(41)35(33)25(21)23)16-44-12-10-24(26)46-30(40)20(6)28(38)18(4)8-2/h9-12,15-20,23-28,37-38H,7-8,13-14H2,1-6H3/t17?,18?,19?,20?,23-,24?,25-,26-,27?,28?,33+,34+/m0/s1",CCC(C)C(C(C)C(=O)O[C@H]1C=COC=C2[C@@H]1N3C(=O)[C@]45CC6=COC=CC([C@H]6N4C(=O)[C@@]3(C2)SSSS5)OC(=O)C(C)C(C(C)CC)O)O,C34H44N2O10S4,"[(1R,4S,12R,15S,16S)-16-(3-hydroxy-2,4-dimethylhexanoyl)oxy-2,13-dioxo-8,19-dioxa-23,24,25,26-tetrathia-3,14-diazahexacyclo[10.10.4.01,14.03,12.04,10.015,21]hexacosa-6,9,17,20-tetraen-5-yl] 3-hydroxy-2,4-dimethylhexanoate",Sch-64877,Bacterium,Unknown-bacterium,sp.,34,5.05120000000001,152.14,768.187879608,10,2,14,2,16,50,50,12,0,5,7,5.05120000000001,5.05120000000001,50,1,0,0.22529113357668,2,0,2,2,0,0,0.185220904555172,0.19499376565218,0.430027037858963,0.0016335618973244,0.179227557778358,0.0271779386326671,0.141120212525129,0.00922500872984529,0.012193449633196,0.7739830493927,0.687754899263382,0.0741364292800427,0.0683626014739275,0.860749077796936,0.963937449455261,0.0781327664852142,0.336017459630966,0.0267874821089208,0.354400542378426,0.0432900182902813,0.142653733491898,0.0877174474298954,0.719892585277557,0.828387022018433,0.748057663440704,0.0627403818070889,0.094388223439455,0.720586383342743,0.188374610245228,0.257759699225426,0.358371177315712,-5.40038374701925,61.8754247105219,99.5771562608665,36.1312405655806,-8.20104162763621,3.67817891460069,2.34296066576674,95.7807601188895,-6.37441842411753,-0.215529704153309,2.90810391624661,49.5153160139589,12.252811167119,15.4323381155487,14.7731678945328,60.6436603334626,10.0038774718883,70.8414113997674,3.72237301279566,27.8014734393176,84.1799146956185,86.8553702985653,29.1973633191159,42.8460643660333,77.394338891043,32.299340829779,88.7165568049632,94.1837921675068,51.6479255525397,92.6328034121753,73.478092283831,69.1353237689027,89.9573478092284,47.7316789453276,89.2206281504459,94.5327646374564,82.7452500969368,84.1023652578519,92.865451725475,84.5676618844513,30.011632415665,55.719271035285,27.1035284994184,71.6944552151997,95.6184567661884,80.0697944939899,64.2109344707251,95.2307095773556,67.0802636680884,84.0248158200853,3.14075222954634,34.858472276076
PT039658,,NPA000575,SN0474221,ZINC000095607413,ZMFVAIFXJWEOMH-PTPSPKLBSA-N,"InChI=1S/C37H67N7O8/c1-16-22(8)28-37(52)43(14)25(11)35(50)44(15)27(18-20(4)5)32(47)38-26(17-19(2)3)36(51)42(13)24(10)34(49)41(12)23(9)31(46)40-29(33(48)39-28)30(45)21(6)7/h19-30,45H,16-18H2,1-15H3,(H,38,47)(H,39,48)(H,40,46)/t22-,23+,24-,25-,26-,27-,28+,29+,30+/m0/s1",CC[C@H](C)[C@@H]1C(=O)N([C@H](C(=O)N([C@H](C(=O)N[C@H](C(=O)N([C@H](C(=O)N([C@@H](C(=O)N[C@@H](C(=O)N1)[C@@H](C(C)C)O)C)C)C)C)CC(C)C)CC(C)C)C)C)C,C37H67N7O8,"(3S,6S,9S,12S,15R,18R,21R)-15-[(2S)-butan-2-yl]-18-[(1R)-1-hydroxy-2-methylpropyl]-1,3,4,10,12,13,21-heptamethyl-6,9-bis(2-methylpropyl)-1,4,7,10,13,16,19-heptazacyclohenicosane-2,5,8,11,14,17,20-heptone",(-)-Ternatin,Fungus,Coriolus,versicolor,37,0.977300000000009,188.77,737.505112104,8,4,8,7,15,52,52,9,0,1,1,0.977300000000009,0.977300000000009,52,3,0,0.283764946002906,1,0,7,0,3,0,0.133546152710915,0.0290887183509767,0.354412031173706,0.000201578107316891,0.0120287254452705,0.0820691108703613,0.0046801065094769,0.0218754692934454,0.00451865853974596,0.831225693225861,0.629663845896721,0.0824536353349686,0.0984306886792183,0.735359191894531,0.584275570511818,0.0120153598953038,0.0457706406712532,0.00838972493074834,0.0174212144687772,0.0257510505616665,0.041190518066287,0.0184614110738039,0.544618195295334,0.507700300216675,0.234472668170929,0.0134553715121001,0.0243262766860425,0.018740026652813,0.0486845107749105,0.116418606042862,0.233970952033997,-5.410771436946,40.5538554605613,106.797840174044,32.2746937842725,-12.2505854306534,3.56907740289246,1.97094547903736,72.7602532260436,-3.50824007452197,4.34971621364601,20.9189608375339,40.6746801085692,0.891818534315626,11.7875145405196,4.14889492051183,18.3792167506786,29.8177588212485,22.0628150445909,15.5486622721985,17.0221015897635,92.322605661109,84.4513377278015,32.0666925164793,50.9112058937573,66.9639395114385,18.7669639395114,53.3540131834044,70.5699883675843,33.0748352074447,45.0174486234975,60.5273361768127,20.2404032570764,70.1434664598682,36.1380379992245,75.9208995734781,64.9476541295076,61.2252811167119,61.1865063978286,40.8297789841024,64.5211322217914,7.94881737107406,45.7153935633967,26.8321054672354,54.2846064366033,96.6265994571539,77.3555641721598,26.0178363706863,93.6409461031408,59.4804187669639,47.0337340054285,41.0236525785188,70.8026366808841
PT039659,,NPA000581,SN0088044,,FKIMAYNINSCCGK-CKRMUJODSA-N,"InChI=1S/C25H33N3O3/c1-7-20(29)27-18-12-10-9-11-16(18)25(24(5,6)8-2)14-19-21(30)26-17(13-15(3)4)22(31)28(19)23(25)27/h8-12,15,17,19,23H,2,7,13-14H2,1,3-6H3,(H,26,30)/t17-,19-,23-,25+/m0/s1",CCC(=O)N1[C@@H]2[C@@](C[C@@H]3N2C(=O)[C@@H](NC3=O)CC(C)C)(C4=CC=CC=C41)C(C)(C)C=C,C25H33N3O3,"(1R,4S,7S,9R)-9-(2-methylbut-3-en-2-yl)-4-(2-methylpropyl)-16-propanoyl-2,5,16-triazatetracyclo[7.7.0.02,7.010,15]hexadeca-10,12,14-triene-3,6-dione",Brevicompanine E,Fungus,Penicillium,sp.,25,3.3647,69.72,423.252191916,5,1,3,3,6,31,31,4,1,2,3,3.3647,3.3647,31,4,0,0.738550399427065,0,0,3,0,1,0,0.129865998029709,0.860864913463593,0.515616422891617,0.00185799919418059,0.215960489958525,0.204965250194073,0.111489430628717,0.0546183720231056,0.0142618252546526,0.920744025707245,0.853641188144684,0.272890554368496,0.186723908782005,0.589835053682327,0.998853516578674,0.0127863903529942,0.0981143571436405,0.0211452648276463,0.117596246302128,0.0202162190806121,0.0617380894720554,0.0184898735955358,0.965261685848236,0.583292305469513,0.666228032112122,0.00539254820905626,0.0514327239245176,0.101902344077826,0.0873267594724894,0.285712604224682,0.476962268352509,-4.7600190778239,68.3557485199731,87.6064799604748,24.5298642558349,-6.88522263625633,3.50044360035458,3.11262323286374,92.1936579066266,-4.92610361354709,4.17960147578867,63.8037999224506,39.8991857309035,62.582396277627,20.5118262892594,15.9364094610314,65.412950756107,63.4354400930593,67.157813105855,35.7502908103916,30.1279565723149,99.3796044978674,92.8266770065917,68.902675455603,64.7150058162078,59.1314462970143,64.8313299728577,55.3315238464521,86.1186506397829,48.0031019775107,75.8045754168282,53.702985653354,34.1217526172935,70.1822411787515,85.5758045754168,79.2167506785576,91.1981388134936,46.839860411012,75.2229546335789,63.6293136874758,73.9433889104304,33.8503295851105,62.310973245444,64.0170608763087,75.9984490112447,93.1756494765413,71.1128344319504,76.1923226056611,92.4001550988755,82.9391236913532,77.4718883288096,15.1996898022489,69.2516479255525
PT040408,,NPA000584,,,YFSBYLFQCDVKEG-JKZXPFHFSA-N,"InChI=1S/C45H63N7O9/c1-9-31-39(54)50-37(27(6)7)45(60)61-28(8)38(51-42(57)35(25(2)3)48-34(53)24-30-19-14-11-15-20-30)43(58)47-32(23-29-17-12-10-13-18-29)44(59)52-22-16-21-33(52)40(55)49-36(26(4)5)41(56)46-31/h10-15,17-20,25-28,31-33,35-38H,9,16,21-24H2,1-8H3,(H,46,56)(H,47,58)(H,48,53)(H,49,55)(H,50,54)(H,51,57)/t28-,31+,32-,33+,35+,36+,37+,38+/m1/s1",CC[C@H]1C(=O)N[C@H](C(=O)O[C@@H]([C@@H](C(=O)N[C@@H](C(=O)N2CCC[C@H]2C(=O)N[C@H](C(=O)N1)C(C)C)CC3=CC=CC=C3)NC(=O)[C@H](C(C)C)NC(=O)CC4=CC=CC=C4)C)C(C)C,C45H63N7O9,"(2S)-N-[(3R,6S,7R,10S,13S,16S,19S)-3-benzyl-13-ethyl-7-methyl-2,5,9,12,15,18-hexaoxo-10,16-di(propan-2-yl)-8-oxa-1,4,11,14,17-pentazabicyclo[17.3.0]docosan-6-yl]-3-methyl-2-[(2-phenylacetyl)amino]butanamide",Xentrivalpeptide O,Bacterium,Xenorhabdus,sp. 85816,45,1.69490000000001,221.21,845.468726596,11,6,9,7,16,61,61,8,2,2,2,1.69490000000001,1.69490000000001,61,2,0,0.181141916405395,0,0,7,1,6,0,0.285982567071915,0.0458683587610722,0.587318992614746,0.001199504086253,0.0705264649819583,0.0480029419995844,0.0439978021895513,0.024769772682339,0.0168440392473713,0.739717769622803,0.753085160255432,0.197523690760136,0.20210248529911,0.843737244606018,0.392589275538921,0.0206892571412027,0.0413299296051264,0.00928670044522733,0.0402247756719589,0.0629428923130035,0.122412618994713,0.0780939534306526,0.402397552132607,0.500154262781143,0.375116223096848,0.0993577681481838,0.0581673014909029,0.177219676971436,0.347712925076485,0.279677626490593,0.412007576227188,-5.96000676483461,52.1128618035427,73.7954158181346,70.4873484818254,-10.3257895183386,4.44137620930929,1.95097075282352,86.3658978717561,-4.33544745724246,1.37586636539442,9.84877859635518,64.6762310973246,2.13260953858085,24.6219464908879,12.6793330748352,43.8154323381156,17.4486234974796,52.1132221791392,18.2241178751454,32.1830166731291,78.867778208608,89.3369523070958,58.3171772004653,66.886390073672,75.4556029468786,14.8119426134161,67.700659170221,68.2435052345871,34.4319503683598,57.1539356339667,81.0391624660721,64.0946103140752,88.9492051182629,29.5851105079488,75.6107018224118,76.3861962000776,88.2124854594804,77.1616905777433,71.1128344319504,92.0511826289259,32.7258627374952,59.0926715781311,12.9895308259015,64.1721597518418,88.7553315238465,91.8573090345095,43.1950368359829,99.3796044978674,59.2089957347809,66.3435440093059,25.1260178363707,48.6234974796433
PT050151,,NPA000408,SN0296455,,PVURPIBDNQIDSO-SFWGZFQISA-N,"InChI=1S/C47H61N3O9/c1-10-31(5)40-43(52)49(8)36(27-33-21-15-12-16-22-33)45(54)57-39(30(3)4)42(51)48(7)37(28-34-23-17-13-18-24-34)46(55)58-41(32(6)11-2)44(53)50(9)38(47(56)59-40)29-35-25-19-14-20-26-35/h12-26,30-32,36-41H,10-11,27-29H2,1-9H3/t31-,32-,36+,37+,38+,39-,40-,41-/m1/s1",CC[C@@H](C)[C@@H]1C(=O)N([C@H](C(=O)O[C@@H](C(=O)N([C@H](C(=O)O[C@@H](C(=O)N([C@H](C(=O)O1)CC2=CC=CC=C2)C)[C@H](C)CC)CC3=CC=CC=C3)C)C(C)C)CC4=CC=CC=C4)C,C47H61N3O9,"(3S,6R,9S,12R,15S,18R)-3,9,15-tribenzyl-6,12-bis[(2R)-butan-2-yl]-4,10,16-trimethyl-18-propan-2-yl-1,7,13-trioxa-4,10,16-triazacyclooctadecane-2,5,8,11,14,17-hexone",Allobeauvericin B,Fungus,Penicillium,sp.,47,5.69270000000001,139.83,811.440780532,11,0,9,3,12,59,59,8,3,1,1,5.69270000000001,5.69270000000001,59,2,0,0.176559654379687,0,0,3,3,0,0,0.234315943717957,0.15082600787282,0.753351736068726,0.00245199942146428,0.646898376941681,0.209283950924873,0.55676406621933,0.0196050729602575,0.0145498105091974,0.774748206138611,0.967047572135925,0.197106140851974,0.108169323205948,0.93232661485672,0.994300842285156,0.00641261111013591,0.0177861023694277,0.0113243252038956,0.0941991284489632,0.0286296983249486,0.0811803802847862,0.0699491273611784,0.899915730953217,0.981404006481171,0.515819472074509,0.0161695505958051,0.0532449200749397,0.451661628484726,0.0203660033643246,0.314961540699005,0.703585159778595,-4.84972061264351,110.176467367603,78.3174612309808,72.4382548654318,-7.86392746478345,3.21317973449625,3.51150233369044,99.1307014492658,-5.61923416943939,8.44701250615537,9.84877859635518,57.6967816983327,9.73245443970531,43.3501357115161,18.6118650639783,89.1430787126793,64.2497091896084,91.8185343156262,13.726250484684,30.283055447848,84.3350135711516,98.3326870880186,58.278402481582,52.9274912756883,85.6533540131834,47.3051570376115,37.3400542846064,41.178751454052,37.2237301279566,72.276075998449,63.7068631252423,46.025591314463,87.8247382706475,66.886390073672,99.1469561845677,84.5676618844513,64.0946103140752,75.5331523846452,83.6370686312524,49.3602171384257,37.1074059713067,72.5862737495153,57.9294300116324,92.865451725475,90.0736719658783,92.2450562233424,67.429236138038,86.9329197363319,89.5308259015122,89.4920511826289,7.75494377665762,88.2124854594804
PT050161,,NPA000422,SN0484453,ZINC000103557563,ZZKUVVFNFOKVQE-SJORKVTESA-N,"InChI=1S/C19H25NO4/c1-12(2)9-10-24-15-7-5-14(6-8-15)17-16(11-13(3)4)18(21)20(23)19(17)22/h5-9,13,16-17,23H,10-11H2,1-4H3/t16-,17+/m1/s1",CC(C)C[C@@H]1[C@@H](C(=O)N(C1=O)O)C2=CC=C(C=C2)OCC=C(C)C,C19H25NO4,"(3R,4R)-1-hydroxy-3-[4-(3-methylbut-2-enoxy)phenyl]-4-(2-methylpropyl)pyrrolidine-2,5-dione",656832-05-2,Fungus,Antrodia,camphorata,19,3.5355,66.84,331.17835828,6,1,4,2,5,24,24,2,1,1,1,3.5355,3.5355,24,4,0,0.49177800180654,1,0,3,0,0,0,0.790425431728363,0.905894255638123,0.95702246427536,0.429335847496986,0.606803578138351,0.385497397184372,0.376618739962578,0.173035427927971,0.00642816042527556,0.779898810386658,0.558812218904495,0.67885422706604,0.38116492331028,0.880275189876556,0.999943327903748,0.00337666022824124,0.0198918463662267,0.196039637923241,0.296007660031319,0.0353123657405376,0.0914869751781225,0.0923725824803114,0.977779829502106,0.22247898131609,0.577030354738236,0.0208230477757752,0.115650691837072,0.357876937091351,0.206744855642319,0.507880419492722,0.269328010082245,-4.80833806529784,41.8820900443173,35.9006632151969,-7.12884051024742,-6.78990109508087,2.67023301285841,2.4185036212654,105.780702053657,-4.37439103214232,9.08980469072587,63.8037999224506,94.610314075223,68.3598293912369,91.8573090345095,81.1167119038387,88.0961613028306,86.5063978286158,86.002326483133,62.5436215587437,20.0465296626599,85.0329585110508,82.3187281892206,95.0756107018224,81.9309810003878,79.3330748352074,88.4063590538969,24.6994959286545,44.7072508724312,81.4656843737883,90.577743311361,68.8251260178364,51.4928266770066,90.3450949980613,91.2756882512602,62.85381930981,87.1655680496316,68.4373788290035,86.3512989530826,80.4187669639395,85.73090345095,58.7049243892982,48.6622721985266,60.7212097712292,55.3315238464521,67.0802636680884,23.7689026754556,77.2392400155099,60.1783637068631,68.2047305157038,97.4796432725863,24.5831717720047,89.6471500581621
PT050173,,NPA000425,,,IENVPMAERSWHAY-RNJNOEPSSA-N,"InChI=1S/C49H76N10O13/c1-26(2)23-34(50)44(64)58-40(48(70)71)30(6)42(62)56-36(17-14-22-53-49(51)52)45(65)55-35(19-18-27(3)24-28(4)38(72-10)25-33-15-12-11-13-16-33)29(5)41(61)57-37(47(68)69)20-21-39(60)59(9)32(8)43(63)54-31(7)46(66)67/h11-13,15-16,18-19,24,26,28-31,34-38,40H,8,14,17,20-23,25,50H2,1-7,9-10H3,(H,54,63)(H,55,65)(H,56,62)(H,57,61)(H,58,64)(H,66,67)(H,68,69)(H,70,71)(H4,51,52,53)/b19-18+,27-24+/t28-,29-,30-,31+,34-,35-,36-,37+,38-,40+/m0/s1",C[C@@H](/C=C(\C)/C=C/[C@@H]([C@H](C)C(=O)N[C@H](CCC(=O)N(C)C(=C)C(=O)N[C@H](C)C(=O)O)C(=O)O)NC(=O)[C@H](CCCN=C(N)N)NC(=O)[C@@H](C)[C@H](C(=O)O)NC(=O)[C@H](CC(C)C)N)[C@H](CC1=CC=CC=C1)OC,C49H76N10O13,"(2R,3S)-2-[[(2S)-2-amino-4-methylpentanoyl]amino]-4-[[(2S)-1-[[(2S,3S,4E,6E,8S,9S)-1-[[(1R)-1-carboxy-4-[[3-[[(1R)-1-carboxyethyl]amino]-3-oxoprop-1-en-2-yl]-methylamino]-4-oxobutyl]amino]-9-methoxy-2,6,8-trimethyl-1-oxo-10-phenyldeca-4,6-dien-3-yl]amino]-5-(diaminomethylideneamino)-1-oxopentan-2-yl]amino]-3-methyl-4-oxobutanoic acid",[seco-1/2]MC-LR,Bacterium,Microcystis,sp.,49,0.53189999999999,377.36,1012.559332492,32,11,12,6,23,72,72,10,1,0,0,0.53189999999999,0.53189999999999,72,1,0,0.0154176750983459,3,0,6,3,8,0,0.373669776320457,0.0644010100513697,0.34761578142643,0.00170151390993851,0.0183476968435571,0.0282118234783411,0.00833230742719024,0.026585578545928,0.16565496660769,0.658259719610214,0.441716152429581,0.117929439991713,0.141428024321795,0.287901113927364,0.0395881034433842,0.0165747432038188,0.0652812734246254,0.00812802920117974,0.00791331706568599,0.0882800210267305,0.155190567672253,0.0160288086161017,0.161312814056873,0.378244246542454,0.192573203146458,0.0124333191663027,0.0110117423348129,0.00371984238736331,0.0103856323752552,0.311101242899895,0.258249002695084,-6.85504196140157,30.5241671110501,42.2742000258162,8.91294303110346,-13.1644895882613,2.80266851127766,-1.15597210144552,56.1174463645358,-2.28901725216675,1.07147444859943,2.90810391624661,73.7107405971307,3.68359829391237,11.3997673516867,15.1609150833656,24.0403257076386,10.2753005040713,28.0341217526173,19.4649088794106,70.4536642109345,68.0884063590539,78.0922838309422,42.535866614967,58.8600232648313,39.2012407910043,4.69174098487786,61.5354788677782,79.7595967429236,32.5319891430787,35.5951919348585,86.3512989530826,71.8107793718496,68.0884063590539,17.6812718107794,70.1434664598682,60.1395889879798,59.5191934858472,45.3664210934471,23.691353237689,38.3869716944552,36.603334625824,47.8092283830942,3.52849941837922,44.7072508724312,72.7025979061652,52.6948429623885,19.0383869716945,68.1659557968205,11.3222179139201,27.9565723148507,64.4048080651415,45.7153935633967
PT050174,,NPA000434,SN0267504,,OJXSCBQWQXUTTR-ZBZKAUHLSA-N,"InChI=1S/C43H72N6O8/c1-18-29(12)36(42(55)48(16)35(28(10)11)43(56)57)49(17)39(52)31(24(2)3)44-37(50)32(25(4)5)45(13)40(53)34(27(8)9)47(15)41(54)33(26(6)7)46(14)38(51)30-22-20-19-21-23-30/h19-29,31-36H,18H2,1-17H3,(H,44,50)(H,56,57)/t29-,31-,32-,33-,34-,35-,36-/m0/s1",CC[C@H](C)[C@@H](C(=O)N(C)[C@@H](C(C)C)C(=O)O)N(C)C(=O)[C@H](C(C)C)NC(=O)[C@H](C(C)C)N(C)C(=O)[C@H](C(C)C)N(C)C(=O)[C@H](C(C)C)N(C)C(=O)C1=CC=CC=C1,C43H72N6O8,"(2S)-2-[[(2S,3S)-2-[[(2S)-2-[[(2S)-2-[[(2S)-2-[[(2S)-2-[benzoyl(methyl)amino]-3-methylbutanoyl]-methylamino]-3-methylbutanoyl]-methylamino]-3-methylbutanoyl]amino]-3-methylbutanoyl]-methylamino]-3-methylpentanoyl]-methylamino]-3-methylbutanoic acid",pterulamide VI,Fungus,Pterula,sp.,43,4.33070000000001,167.95,800.541163264,20,2,7,6,14,57,57,7,1,0,0,4.33070000000001,4.33070000000001,57,3,0,0.196662668447043,1,0,6,1,1,0,0.0426931742578745,0.162092255800962,0.52898433804512,0.000767288866336457,0.0838177870959043,0.200657255202532,0.0690154183655977,0.0128697224659845,0.0443025988992304,0.81400374174118,0.721366584300995,0.319582402706146,0.0609321616590023,0.641479533910751,0.758331716060638,0.00109673260058116,0.00624438973609358,0.00868019884219393,0.014909131731838,0.0153387142112479,0.0271688774228096,0.00270877443253994,0.793695950508118,0.178863953053951,0.152545259147882,0.000269180171198968,0.00781803093850613,0.00748300523264334,0.00106102505524177,0.263033980131149,0.283733488619328,-5.44002883674903,47.5850521046614,79.0642148827613,18.8414455626793,-9.28542949000077,3.22973877814464,1.34853647815922,91.3023759005969,-4.64665055214922,4.03978879646069,20.9189608375339,17.0221015897635,10.5079488173711,21.0546723536254,9.81000387747189,46.6847615354789,62.4272974020938,59.0538968592478,6.82435052345871,48.5071733229934,89.8410236525785,88.2512601783637,74.3699108181466,40.7910042652191,61.8069018999612,21.9077161690578,11.0507948817371,16.5180302442807,33.5013571151609,42.8460643660333,46.4133385032959,10.5467235362544,39.7828615742536,53.5091120589376,59.7130670802637,54.3621558743699,12.0589375727026,39.5889879798371,30.4381543233812,12.9895308259015,30.5157037611477,49.8255137650252,25.5137650252036,60.3334625823963,90.3450949980613,65.7619232260566,53.8193098100039,87.3982163629314,48.1969755719271,75.8821248545948,19.6200077549438,68.3210546723536
PT050175,,NPA000442,,,XXJNZGPUCVMTGE-ZHZULCJRSA-N,"InChI=1S/C25H31N3O3/c1-8-24(4,5)21-18(14-20-22(29)28-25(6,31-7)23(30)27-20)17-13-16(10-9-15(2)3)11-12-19(17)26-21/h8-9,11-14,26H,1,10H2,2-7H3,(H,27,30)(H,28,29)/b20-14-",CC(=CCC1=CC2=C(C=C1)NC(=C2/C=C\3/C(=O)NC(C(=O)N3)(C)OC)C(C)(C)C=C)C,C25H31N3O3,"(6Z)-3-methoxy-3-methyl-6-[[2-(2-methylbut-3-en-2-yl)-5-(3-methylbut-2-enyl)-1H-indol-3-yl]methylidene]piperazine-2,5-dione",variecolorin I,Fungus,Aspergillus,variecolor,25,4.0897,83.22,421.236541852,6,3,3,2,6,31,31,1,2,1,1,4.0897,4.0897,31,4,0,0.485249903067572,0,0,3,0,3,0,0.416890925168991,0.591965264081955,0.569960880279541,0.197567373514175,0.785705590248108,0.181580309569836,0.808065867424011,0.0936210513114929,0.101068079471588,0.875009191036224,0.858506572246552,0.205213038623333,0.316054433584213,0.898244726657868,0.998769199848175,0.0123514415696263,0.0107113865204155,0.362346091866493,0.433892059326172,0.110177551954985,0.0924324378371239,0.10348559692502,0.927442610263825,0.873048937320709,0.790273106098175,0.0831247955560684,0.440548628568649,0.673085010051727,0.51577033996582,0.559218937158585,0.682097178697586,-4.96811440657768,49.2106209904643,80.8321075036079,43.3791768167243,-10.1546722345761,3.24250246551049,4.04817583056116,105.361326198853,-6.33936435461818,6.5426120161468,63.8037999224506,77.3167894532765,36.7584335013571,23.2648313299729,69.716944552152,94.0286932919736,58.3171772004653,96.8204730515704,47.111283443195,62.0783249321442,97.0918960837534,93.136874757658,59.3640946103141,77.394338891043,81.0391624660721,63.8231872818922,54.0907328421869,26.7157813105855,89.1818534315626,95.8123303606049,88.9104303993796,51.9968980224893,91.5471112834432,72.7801473439318,91.5471112834432,95.7735556417216,86.2349747964327,96.5102753005041,92.0124079100427,96.0837533927879,63.0476929042264,71.2679333074835,50.8336564559907,61.6130283055448,91.120589375727,84.2186894145017,44.8623497479643,87.6696393951144,95.7347809228383,97.2082202404033,3.2570763861962,82.1636293136875
PT050176,,NPA032901,SN0225038,,MGMOOKMIVIWPPJ-DKEFXOAMSA-N,"InChI=1S/C50H67N9O14/c1-24(2)37(54-44(66)36-11-9-21-59(36)49(71)40(27(6)61)57-42(64)33-10-8-20-51-33)45(67)55-38(25(3)4)46(68)58-41-28(7)73-50(72)35(23-30-14-18-32(63)19-15-30)53-43(65)34(22-29-12-16-31(62)17-13-29)52-47(69)39(26(5)60)56-48(41)70/h8,10,12-20,24-28,34-41,51,60-63H,9,11,21-23H2,1-7H3,(H,52,69)(H,53,65)(H,54,66)(H,55,67)(H,56,70)(H,57,64)(H,58,68)/t26-,27+,28-,34-,35-,36-,37-,38+,39+,40-,41+/m0/s1",CC(C)[C@H](NC(=O)[C@@H]1CCCN1C(=O)[C@@H](NC(=O)C1=CC=C[NH]1)[C@@H](C)O)C(=O)N[C@@H](C(=O)N[C@H]1C(=O)N[C@H]([C@H](C)O)C(=O)N[C@@H](CC2=CC=C(O)C=C2)C(=O)N[C@@H](CC2=CC=C(O)C=C2)C(=O)O[C@H]1C)C(C)C,C50H67N9O14,"N-[(2S,3R)-3-hydroxy-1-[(2S)-2-[[(2S)-1-[[(2R)-1-[[(3S,6S,9R,12R,13S)-9-[(1S)-1-hydroxyethyl]-3,6-bis[(4-hydroxyphenyl)methyl]-13-methyl-2,5,8,11-tetraoxo-1-oxa-4,7,10-triazacyclotridec-12-yl]amino]-3-methyl-1-oxobutan-2-yl]amino]-3-methyl-1-oxobutan-2-yl]carbamoyl]pyrrolidin-1-yl]-1-oxobutan-2-yl]-1H-pyrrole-2-carboxamide",Endopyrrole C,Bacterium,Burkholderia,rhizoxinica,50,-1.0716,347.02,1017.480747824,17,12,14,8,23,73,73,11,3,2,2,-1.0716,-1.0716,73,1,0,0.0717255178157033,4,0,10,1,8,0,0.195246697962284,0.013423162419349,0.397160643339157,0.00430778143345378,0.0708510763943195,0.0946704231202602,0.0770062446594238,0.0584166476503015,0.0259657623944804,0.734997224807739,0.569766223430634,0.118135796487331,0.198302905261517,0.783789443969727,0.559131988883019,0.0176706284284592,0.017688044719398,0.00855903497431427,0.0219103291630745,0.0520096899941564,0.12692736685276,0.0108592892065644,0.141208831965923,0.332149761915207,0.136201398074627,0.0444100435823202,0.0779753476381302,0.299089735746384,0.2596215903759,0.153456322848797,0.463217094540596,-6.33810495563047,46.9737642479132,46.0910583410637,-10.1563353331663,-13.5044792527956,3.28596689582243,1.63862458061548,90.5503815620846,-4.40160427991538,-1.02179782155032,2.90810391624661,51.1826289259403,0.116324156649864,13.8425746413339,23.8464521132222,43.9317564947654,34.0054284606437,60.9926328034122,37.0298565335401,39.5502132609539,78.2473827064754,82.7840248158201,42.535866614967,66.1884451337728,70.1046917409849,18.1077937184955,63.9782861574254,41.0624272974021,33.2687088018612,48.0806514152772,77.7045366421094,65.1803024428073,62.1946490887941,16.6731291198139,67.9333074835207,51.686700271423,79.0228770841411,81.6207832493214,77.8984102365258,88.7941062427297,13.8425746413339,61.5742535866615,6.94067468010857,59.6742923613804,74.9903063202792,19.115936409461,16.8670027142303,88.8716556804963,53.1989143078713,74.4862349747964,24.0403257076386,28.4218689414502
PT050212,,NPA032911,,,DNDUEQUHLLVZAM-YRLLUFNESA-N,"InChI=1S/C35H49N3O10/c1-21(14-12-10-8-9-11-13-15-23-17-36-20-47-23)28(41)32(3,4)29(42)37-18-25(40)27-26(48-27)24(39)16-22(2)35(45)33(5,6)30(43)38(7)34(35)19-46-31(34)44/h8-11,13-15,17,20,22,24-28,39-41,45H,12,16,18-19H2,1-7H3,(H,37,42)/b10-8+,11-9+,15-13+,21-14-",C/C(=C/C/C=C/C=C/C=C/C1=CN=CO1)C(O)C(C)(C)C(=O)NCC(O)C1OC1C(O)CC(C)C1(O)C(C)(C)C(=O)N(C)C12COC2=O,C35H49N3O10,"(4Z,7E,9E,11E)-3-hydroxy-N-[2-hydroxy-2-[3-[1-hydroxy-3-(8-hydroxy-5,7,7-trimethyl-3,6-dioxo-2-oxa-5-azaspiro[3.4]octan-8-yl)butyl]oxiran-2-yl]ethyl]-2,2,4-trimethyl-12-(1,3-oxazol-5-yl)dodeca-4,7,9,11-tetraenamide",Oxazolepoxidomycin A,Bacterium,Streptomyces,sp.,35,1.6802,195.19,671.341794768,15,5,11,2,13,48,48,8,1,3,3,1.6802,1.6802,48,2,0,0.0788007360906559,4,0,4,1,1,0,0.232473859190941,0.0932564187794924,0.468041330575943,0.000534561034146464,0.13510974496603,0.0153085370548069,0.0694174766540527,0.00637197317555547,0.0215922870673239,0.643833982944489,0.948520505428314,0.0872652877122164,0.13237411826849,0.784851515293121,0.981977224349976,0.0128278397023678,0.0146472376771271,0.00809907671064138,0.112712596356869,0.0167313982732594,0.0560928761959076,0.0172718727961183,0.824974977970123,0.535817283391953,0.673869168758392,0.0122341031674296,0.047719850577414,0.0698179420083761,0.0327316230162978,0.340749171376228,0.220445854961872,-5.71415313309159,61.8268665227969,79.7198675722706,-0.391189520249183,-12.28322274397,3.44934626661267,1.76445849299895,76.1352002488104,-3.06304754965352,3.04682865981576,9.84877859635518,57.3090345094998,5.77743311360993,17.758821248546,7.98759208995735,54.7499030632028,5.07948817371074,59.1314462970143,1.66731291198139,36.6808840635905,66.2659945715394,97.3245443970531,33.6176812718108,57.3090345094998,70.1822411787515,37.1849554090733,55.4090732842187,35.1686700271423,32.5319891430787,75.0678557580458,48.4683986041101,30.5932531989143,69.2516479255525,57.2314850717332,76.9678169833269,91.5083365645599,59.0926715781311,74.0984877859636,58.278402481582,57.7743311360993,39.8991857309035,44.5909267157813,17.9914695618457,71.6944552151997,90.8103916246607,36.2931368747577,25.7851880573866,91.6246607212098,55.6804963164017,50.7948817371074,49.5153160139589,61.4967041488949
PT050213,,NPA032927,,,DLNZVFMLTYLOGI-DCPNSWTPSA-N,"InChI=1S/C28H40N6O9/c1-14-18(43-25-23(37)22(36)21(30-4)15(2)42-25)9-10-20(41-14)34-12-11-19(33-27(34)40)32-24(38)16-5-7-17(8-6-16)31-26(39)28(3,29)13-35/h5-8,11-12,14-15,18,20-23,25,30,35-37H,9-10,13,29H2,1-4H3,(H,31,39)(H,32,33,38,40)/t14-,15-,18+,20-,21-,22+,23-,25-,28+/m1/s1",CN[C@H]1[C@H](O)[C@@H](O)[C@@H](O[C@H]2CC[C@H](N3C=CC(NC(=O)C4=CC=C(NC(=O)[C@@](C)(N)CO)C=C4)=NC3=O)O[C@@H]2C)O[C@@H]1C,C28H40N6O9,"4-[[(2S)-2-amino-3-hydroxy-2-methylpropanoyl]amino]-N-[1-[(2R,5S,6R)-5-[(2R,3R,4S,5S,6R)-3,4-dihydroxy-6-methyl-5-(methylamino)oxan-2-yl]oxy-6-methyloxan-2-yl]-2-oxopyrimidin-4-yl]benzamide",CHEBI:220604,Bacterium,Streptomyces,sp. WAC6273,28,-0.718899999999994,219.52,604.28567686,9,7,13,2,15,43,43,9,2,2,2,-0.718899999999994,-0.718899999999994,43,1,0,0.188594559310824,3,0,3,1,4,0,0.635519164800644,0.0670527257025242,0.491146129369736,0.00137278352776775,0.00443972765933722,0.031842035241425,0.00635459898039699,0.0131548530422151,0.0264245630241931,0.317801928520203,0.0602043624967337,0.0860120818018913,0.651294958591461,0.799221849441528,0.231341448426247,0.0420480947941542,0.108237770199776,0.0126383513677865,0.0639095850288868,0.0300105664879084,0.166945230960846,0.00659965774975717,0.153130234777927,0.161121198534966,0.0976679280400276,0.0638148613274097,0.00750843303976581,0.144539239257574,0.365590301156044,0.0965291775763035,0.567748749256134,-6.37758035288835,21.3243950149427,18.9230263355696,92.6797782107352,-16.9776076573478,2.55875675396651,0.21259718532585,53.6249420385655,-2.2987748685292,10.2114623889212,2.90810391624661,89.4145017448624,3.99379604497867,18.9220628150446,13.5323768902675,8.8018611865064,11.7487398216363,24.9321442419542,7.01822411787515,39.9379604497867,33.7340054284606,49.4377665761923,33.2687088018612,96.0062039550213,71.5393563396665,11.5548662272199,82.1636293136875,87.1655680496316,38.7747188832881,65.5292749127569,64.7925552539744,74.0597130670803,54.9050019387359,17.3710740597131,58.1620783249321,43.466459868166,82.8227995347034,38.7747188832881,68.5537029856534,92.6328034121753,5.23458704924389,67.3516867002714,6.55292749127569,33.9666537417604,51.6091508336565,95.2307095773556,5.11826289259403,52.4234199302055,30.1667312911981,25.3974408685537,64.2497091896084,91.6634354400931
PT050214,,NPA032928,,,QXMGIQHCGKVZDU-PKXPXLPOSA-N,"InChI=1S/C35H58N12O6/c1-5-19(3)27(46-29(48)23(36)12-9-15-41-34(37)38)31(50)44-25(14-10-16-42-35(39)40)30(49)47-28(20(4)6-2)32(51)45-26(33(52)53)17-21-18-43-24-13-8-7-11-22(21)24/h7-8,11,13,18-20,23,25-28,43H,5-6,9-10,12,14-17,36H2,1-4H3,(H,44,50)(H,45,51)(H,46,48)(H,47,49)(H,52,53)(H4,37,38,41)(H4,39,40,42)/t19-,20-,23+,25+,26-,27-,28+/m0/s1",CC[C@H](C)[C@H](NC(=O)[C@H](N)CCCN=C(N)N)C(=O)N[C@H](CCCN=C(N)N)C(=O)N[C@@H](C(=O)N[C@@H](CC1=C[NH]C2=CC=CC=C12)C(=O)O)[C@@H](C)CC,C35H58N12O6,"(2S)-2-[[(2R,3S)-2-[[(2R)-2-[[(2S,3S)-2-[[(2R)-2-amino-5-(diaminomethylideneamino)pentanoyl]amino]-3-methylpentanoyl]amino]-5-(diaminomethylideneamino)pentanoyl]amino]-3-methylpentanoyl]amino]-3-(1H-indol-3-yl)propanoic acid",Ririwpeptide A,Fungus,Unknown-fungus,sp.,35,-0.739100000000006,324.31,742.460227576,23,11,8,4,18,53,53,7,2,0,0,-0.739100000000006,-0.739100000000006,53,2,0,0.038263356691753,1,0,4,1,10,0,0.252687908709049,0.142271864414215,0.336957541108131,0.00207252746331506,0.0137529251631349,0.0336421990767121,0.00677367139142007,0.0654284987598658,0.134160634875298,0.699095249176025,0.200324040651321,0.0546013008803129,0.111108232289553,0.198721046745777,0.0391276221722364,0.0513029338791966,0.106856531649828,0.0147381423972547,0.00636948321480304,0.153395161405206,0.165217252075672,0.00485298917628825,0.0774257883429527,0.0888805016875267,0.0926059037446976,0.0255200670100749,0.00421865433454514,0.00284787544514984,0.0168445840477943,0.202395588159561,0.421022570133209,-7.64746424322282,15.1275178470309,34.6753654143772,14.0967131974639,-15.1994955085959,2.87810333221429,-1.70563045029912,45.0935763904993,-1.92799213192025,3.98040120644708,9.84877859635518,60.6824350523459,9.15083365645599,10.8181465684374,17.1772004652966,20.1240791004265,12.4079100426522,25.6300891818534,39.2787902287708,67.3129119813881,72.7801473439318,65.9945715393563,21.9077161690578,53.5478867778209,32.7258627374952,4.65296626599457,84.8390849166344,87.0492438929818,41.5277239240016,33.3462582396278,91.8573090345095,73.749515316014,50.0193873594416,12.0977122915859,49.9806126405584,42.4195424583172,71.6944552151997,27.7626987204343,21.7913920124079,46.1031407522295,20.860798759209,59.6742923613804,0.62039550213261,27.9565723148507,65.8782473827065,60.294687863513,8.84063590538969,72.547499030632,6.90189996122528,18.4567661884451,70.4924389298178,67.8945327646375
PT050215,,NPA032929,,,FDIODTOVAFMVPX-PUVJOVQHSA-N,"InChI=1S/C34H56N12O6/c1-5-19(4)27(31(50)44-25(32(51)52)16-20-17-42-23-12-7-6-10-21(20)23)46-29(48)24(13-9-15-41-34(38)39)43-30(49)26(18(2)3)45-28(47)22(35)11-8-14-40-33(36)37/h6-7,10,12,17-19,22,24-27,42H,5,8-9,11,13-16,35H2,1-4H3,(H,43,49)(H,44,50)(H,45,47)(H,46,48)(H,51,52)(H4,36,37,40)(H4,38,39,41)/t19-,22+,24+,25-,26-,27+/m0/s1",CC[C@H](C)[C@@H](NC(=O)[C@@H](CCCN=C(N)N)NC(=O)[C@@H](NC(=O)[C@H](N)CCCN=C(N)N)C(C)C)C(=O)N[C@@H](CC1=C[NH]C2=CC=CC=C12)C(=O)O,C34H56N12O6,"(2S)-2-[[(2R,3S)-2-[[(2R)-2-[[(2S)-2-[[(2R)-2-amino-5-(diaminomethylideneamino)pentanoyl]amino]-3-methylbutanoyl]amino]-5-(diaminomethylideneamino)pentanoyl]amino]-3-methylpentanoyl]amino]-3-(1H-indol-3-yl)propanoic acid",Ririwpeptide B,Bacterium,eDNA,sp.,34,-1.1292,324.31,728.444577512,22,11,8,4,18,52,52,6,2,0,0,-1.1292,-1.1292,52,2,0,0.0391414569228181,1,0,4,1,10,0,0.249125044047832,0.139156425744295,0.344211873412132,0.00153638088959269,0.0108415591996163,0.0335551962256432,0.00460995519533753,0.0599181924015284,0.112390122935176,0.678613531589508,0.12812308371067,0.052972524240613,0.105392882227898,0.201132608950138,0.0328716819174588,0.0493546430021524,0.107337741553783,0.0121326032094657,0.00444735861383379,0.14518875926733,0.170268398523331,0.00371978008188307,0.0622882917523384,0.070458047837019,0.0743487361818552,0.0212439198978245,0.00347435402218252,0.00189379589864984,0.0125611101277173,0.19578167796135,0.385290665924549,-7.67883619214915,13.3337822176631,32.8747833937646,12.9027647658328,-15.4405847812935,2.84585770332627,-1.85156996845974,43.5676474950402,-1.85734495842944,4.30485770318628,9.84877859635518,60.1008142690965,9.03450949980613,11.1283443195037,14.3466459868166,17.2159751841799,12.3691353237689,21.9077161690578,37.3788290034897,64.2109344707251,70.4148894920512,58.9375727025979,21.2873206669252,52.2683210546724,32.9197363319116,4.11012020162854,84.4513377278015,87.1267933307484,38.1930981000388,29.8177588212485,91.4307871267933,74.6413338503296,45.0562233423808,10.1977510663048,47.1500581620783,37.689026754556,68.7088018611865,24.4668476153548,17.7200465296627,41.7603722373013,19.8914307871268,57.6580069794494,0.542846064366033,25.8627374951532,64.2884839084917,58.5110507948817,8.18146568437379,70.531213648701,6.04885614579294,16.7894532764637,71.4618069019,70.4148894920512
PT050216,,,SN0000011,,AAAKRYIEEWIEMB-XFRJLCNOSA-N,"InChI=1S/C74H113N17O21/c1-39(2)17-14-20-44-34-57(95)81-54(38-93)70(107)89-60(62(99)63(78)100)72(109)88-53(37-92)64(101)79-30-27-58(96)90(7)55(32-42-18-10-9-11-19-42)71(108)87-50(31-40(3)4)67(104)82-47(23-15-28-75)65(102)83-48(25-26-59(97)98)66(103)86-52(35-56(77)94)69(106)85-51(33-43-36-80-46-22-13-12-21-45(43)46)68(105)84-49(24-16-29-76)73(110)91(8)61(41(5)6)74(111)112-44/h9-13,18-19,21-22,36,39-41,44,47-55,60-62,80,92-93,99H,14-17,20,23-35,37-38,75-76H2,1-8H3,(H2,77,94)(H2,78,100)(H,79,101)(H,81,95)(H,82,104)(H,83,102)(H,84,105)(H,85,106)(H,86,103)(H,87,108)(H,88,109)(H,89,107)(H,97,98)/t44-,47-,48-,49+,50-,51+,52-,53+,54-,55-,60+,61-,62+/m1/s1",CC(C)CCC[C@@H]1CC(=O)N[C@H](CO)C(=O)N[C@@H]([C@H](O)C(N)=O)C(=O)N[C@@H](CO)C(=O)NCCC(=O)N(C)[C@H](Cc2ccccc2)C(=O)N[C@H](CC(C)C)C(=O)N[C@H](CCCN)C(=O)N[C@H](CCC(O)=O)C(=O)N[C@H](CC(N)=O)C(=O)N[C@@H](Cc3c[nH]c4ccccc34)C(=O)N[C@@H](CCCN)C(=O)N(C)[C@H](C(C)C)C(=O)O1,C74H113N17O21,"3-[(3R,6S,9S,12R,15R,18R,21R,24R,31S,34S,37R,41R)-34-[(1S)-2-amino-1-hydroxy-2-oxoethyl]-12-(2-amino-2-oxoethyl)-6,18-bis(3-aminopropyl)-24-benzyl-31,37-bis(hydroxymethyl)-9-(1H-indol-3-ylmethyl)-4,25-dimethyl-41-(4-methylpentyl)-21-(2-methylpropyl)-2,5,8,11,14,17,20,23,26,30,33,36,39-tridecaoxo-3-propan-2-yl-1-oxa-4,7,10,13,16,19,22,25,29,32,35,38-dodecazacyclohentetracont-15-yl]propanoic acid",,,,,74,-4.63069999999999,609.92,1575.829693636,26,19,22,14,38,112,112,13,3,1,1,-4.63069999999999,-4.63069999999999,112,1,0,0.0336217522357799,4,0,14,2,15,0,0.114068178087473,0.0732075072824955,0.643469715118408,0.00202293079728406,0.0104161205468699,0.0370771305635571,0.00482020195922814,0.00833830931223929,0.00407701504373108,0.538626343011856,0.241836751997471,0.0318122021853924,0.181940606981516,0.785283970832825,0.322070603072643,0.0601223692297936,0.256992202997208,0.00844799820333719,0.0470481093972921,0.0485359449870884,0.114995255321264,0.114906502515078,0.132614662498236,0.138791671395302,0.20345902889967,0.0953033521771431,0.0121910015819594,0.0360911563038826,0.193730524927378,0.128231216967106,0.191958804428577,-7.25247480366712,22.1382906849528,48.9559241558968,17.1606415826578,-16.0356958733415,3.23747447997514,-0.806098376474632,60.8547574968798,-2.9144705713846,1.11276610370038,2.90810391624661,36.4870104691741,4.61419154711128,29.468786351299,16.8670027142303,16.7119038386972,13.3385032958511,22.3342380767739,2.90810391624661,15.7813105854983,55.0601008142691,68.7475765800698,13.6487010469174,64.1721597518418,70.2210158976347,13.183404420318,86.5063978286158,93.3695230709577,33.113609926328,59.8293912369135,76.0759984490112,61.4579294300116,92.1287320666925,16.3241566498643,55.5253974408686,61.7293524621947,87.747188832881,47.6541295075611,49.6704148894921,84.9166343544009,9.81000387747189,41.5664986428848,1.86118650639783,35.0135711516092,76.7739433889104,64.0170608763087,6.78557580457542,87.5145405195812,14.7343931756495,32.299340829779,52.5009693679721,46.1419154711128
PT050245,,,SN0000035,,AABAHUOKZNXNNN-FQEVSTJZSA-N,"InChI=1S/C23H26ClN3O2/c1-23(2)16-26(22(29)18-8-10-19(24)11-9-18)15-20-14-25(12-13-27(20)23)21(28)17-6-4-3-5-7-17/h3-11,20H,12-16H2,1-2H3/t20-/m0/s1",CC1(C)CN(C[C@@H]2CN(CCN12)C(=O)c3ccccc3)C(=O)c4ccc(Cl)cc4,C23H26ClN3O2,"[(9aS)-2-(4-chlorobenzoyl)-4,4-dimethyl-1,3,6,7,9,9a-hexahydropyrazino[1,2-a]pyrazin-8-yl]-phenylmethanone",,,,,23,3.401,43.86,411.171354752,2,0,3,2,6,29,29,1,2,2,2,3.401,3.401,29,4,0,0.760290507001585,0,0,2,0,0,0,0.105219969153404,0.925361394882202,0.67304037809372,0.0375721165910363,0.344790127873421,0.277254703640938,0.138781947642565,0.33283683359623,0.475082570314407,0.803063428401947,0.724409013986588,0.292173644900322,0.500625145435333,0.38605774641037,0.995806574821472,0.00969568807631731,0.032461204007268,0.0207585028372705,0.0422519573941827,0.0117487656883895,0.0650773629546166,0.00436070319265127,0.972603464126587,0.691100817918777,0.288385888934135,0.00235716885654256,0.0195536414161325,0.0631690470501781,0.0109854745212942,0.519600182771683,0.920358049869537,-4.7962527729574,29.2998615062439,24.012062985425,15.32003304997,-8.21355688355148,2.85362771035825,2.53317094349736,87.7315255403809,-3.54968851736189,-10.1890380454882,63.8037999224506,34.8196975571927,71.2291585886002,32.5319891430787,48.8949205118263,75.7658006979449,74.8739821636293,70.6475378053509,76.6576192322606,85.0329585110508,88.1349360217138,88.3675843350136,71.4230321830167,88.7941062427297,46.8010856921287,50.2132609538581,46.9174098487786,61.3803799922451,47.5378053509112,58.0845288871656,39.5889879798371,36.0217138425746,48.5459480418767,88.9492051182629,83.3656455990694,70.531213648701,34.4319503683598,56.9212873206669,56.8437378829004,39.705312136487,59.9069406746801,89.1430787126793,61.7293524621947,43.2338115548662,56.6886390073672,61.5354788677782,64.1333850329585,70.9577355564172,71.0352849941838,69.2516479255525,40.0930593253199,1.16324156649864
PT050246,,,SN0000036,,AABCUMMNELBAAF-CVAIRZPRSA-N,"InChI=1S/C21H28N4O2S2/c1-24-15(6-7-19(26)22-13-16-4-2-10-28-16)12-23-21(27)20-18(24)8-9-25(20)14-17-5-3-11-29-17/h2-5,10-11,15,18,20H,6-9,12-14H2,1H3,(H,22,26)(H,23,27)/t15-,18+,20-/m0/s1",CN1[C@@H](CCC(=O)NCc2sccc2)CNC(=O)[C@@H]3[C@H]1CCN3Cc4sccc4,C21H28N4O2S2,"3-[(2S,5aS,8aR)-1-methyl-5-oxo-6-(thiophen-2-ylmethyl)-3,4,5a,7,8,8a-hexahydro-2H-pyrrolo[3,2-e][1,4]diazepin-2-yl]-N-(thiophen-2-ylmethyl)propanamide",NCGC00401794-01,,,,21,2.2793,64.68,432.165368136,7,2,6,2,8,29,29,3,2,2,2,2.2793,2.2793,29,4,0,0.704640692121577,0,0,2,0,2,0,0.292045152187347,0.828491294384003,0.481464868783951,0.0127841672161594,0.133418434858322,0.109010054171085,0.0105972283286974,0.277177315950394,0.585874831676483,0.769536530971527,0.377174332737923,0.0609353646636009,0.539275753498077,0.188358773291111,0.958936643600464,0.0128507271409035,0.0398056428879499,0.0315898484550417,0.00412167829927057,0.0103164538741112,0.109597091376781,0.0011728669036529,0.70723762512207,0.137999550998211,0.0957650989294052,0.00641952427104116,0.00457017873413861,0.00377165904501453,0.0123253420926631,0.460728833079338,0.615788859128952,-5.81592318416749,74.3968128434794,29.1227656781502,42.6158128021287,-11.3410557653483,2.92860956566932,1.45085490939229,70.3983549174446,-2.33941975128719,-0.474730480935264,63.8037999224506,65.5292749127569,58.7824738270648,18.4955409073284,36.1768127181078,54.4397053121365,38.5808452888717,30.4769290422644,72.7413726250485,87.8635129895308,83.6370686312524,75.4943776657619,24.0015509887553,91.120589375727,31.756494765413,31.5238464521132,55.447848003102,67.3516867002714,54.0907328421869,28.8871655680496,36.8359829391237,59.8293912369135,27.6463745637844,46.8786351298953,55.3702985653354,43.0399379604498,49.2051182628926,29.1198138813494,23.7301279565723,41.4889492051183,54.1295075610702,68.9802248933695,15.2772392400155,79.682047305157,61.1865063978286,83.8697169445522,33.0748352074447,75.4556029468786,49.7091896083753,44.2419542458317,63.4354400930593,32.6095385808453
PT050247,,,SN0000036,,AABCUMMNELBAAF-QSFXBCCZSA-N,"InChI=1S/C21H28N4O2S2/c1-24-15(6-7-19(26)22-13-16-4-2-10-28-16)12-23-21(27)20-18(24)8-9-25(20)14-17-5-3-11-29-17/h2-5,10-11,15,18,20H,6-9,12-14H2,1H3,(H,22,26)(H,23,27)/t15-,18-,20-/m0/s1",CN1[C@@H](CCC(=O)NCc2sccc2)CNC(=O)[C@@H]3[C@@H]1CCN3Cc4sccc4,C21H28N4O2S2,"3-[(2S,5aS,8aS)-1-methyl-5-oxo-6-(thiophen-2-ylmethyl)-3,4,5a,7,8,8a-hexahydro-2H-pyrrolo[3,2-e][1,4]diazepin-2-yl]-N-(thiophen-2-ylmethyl)propanamide",,,,,21,2.2793,64.68,432.165368136,7,2,6,2,8,29,29,3,2,2,2,2.2793,2.2793,29,4,0,0.704640692121577,0,0,2,0,2,0,0.296703180670738,0.813000082969666,0.44781788289547,0.0146697711199522,0.152385468780994,0.106059108674526,0.0145964194089174,0.247906431555748,0.613591569662094,0.76928117275238,0.434532043337822,0.0548268536105752,0.525103449821472,0.189370834827423,0.969095826148987,0.0133839821442962,0.0334290038794279,0.0355603160336614,0.0052652930142358,0.0118621725589037,0.113513568043709,0.0013657442323165,0.714364326000214,0.147119225561619,0.104351646453142,0.00745934080332518,0.00555765428580344,0.00468300222419202,0.0160779455676675,0.469959345459938,0.630457454919815,-5.81251358445862,75.8248849570855,30.1033622950179,42.4637225473358,-11.3451494205954,2.91602856120769,1.50692737544157,71.6170381765129,-2.40675617033334,-0.678129966399724,63.8037999224506,66.3047692904226,57.1539356339667,16.2466072120977,37.5727025979062,57.3090345094998,37.4951531601396,35.8278402481582,70.531213648701,88.4451337727801,83.6370686312524,77.6657619232261,22.0628150445909,90.3450949980613,31.9891430787127,33.2299340829779,56.3784412563009,62.1558743699108,55.6417215975184,31.3299728576968,39.8216362931369,61.3416052733618,29.3136874757658,47.4990306320279,56.6110895696006,45.5215199689802,51.1826289259403,32.5319891430787,25.6688639007367,45.4827452500969,54.8662272198527,69.445521519969,15.5098875533152,80.3799922450562,62.039550213261,83.8309422256689,32.9972857696782,74.563784412563,50.601008142691,45.5215199689802,62.310973245444,30.825901512214
PT056292,,,SN0000042,,AABGBLUUWZOOHU-UHFFFAOYSA-N,"InChI=1S/C60H82N18O17S4/c1-30-50(85)75-42-26-97-99-27-43(76-51(86)35(62)18-32-12-14-34(79)15-13-32)58(93)77-44(57(92)73-40(20-33-23-65-29-67-33)60(95)78-17-7-11-45(78)59(94)68-30)28-98-96-25-41(49(64)84)74-56(91)39(22-48(82)83)72-54(89)37(19-31-8-3-2-4-9-31)70-55(90)38(21-46(63)80)71-53(88)36(10-5-6-16-61)69-47(81)24-66-52(42)87/h2-4,8-9,12-15,23,29-30,35-45,79H,5-7,10-11,16-22,24-28,61-62H2,1H3,(H2,63,80)(H2,64,84)(H,65,67)(H,66,87)(H,68,94)(H,69,81)(H,70,90)(H,71,88)(H,72,89)(H,73,92)(H,74,91)(H,75,85)(H,76,86)(H,77,93)(H,82,83)",CC1NC(=O)C2CCCN2C(=O)C(Cc3[nH]cnc3)NC(=O)C4CSSCC(NC(=O)C(CC(O)=O)NC(=O)C(Cc5ccccc5)NC(=O)C(CC(N)=O)NC(=O)C(CCCCN)NC(=O)CNC(=O)C(CSSCC(NC(=O)C(N)Cc6ccc(O)cc6)C(=O)N4)NC1=O)C(N)=O,C60H82N18O17S4,"2-[7-(4-aminobutyl)-43-[[2-amino-3-(4-hydroxyphenyl)propanoyl]amino]-10-(2-amino-2-oxoethyl)-13-benzyl-19-carbamoyl-27-(1H-imidazol-5-ylmethyl)-36-methyl-2,5,8,11,14,17,25,28,34,37,44-undecaoxo-21,22,40,41-tetrathia-3,6,9,12,15,18,26,29,35,38,45-undecazatricyclo[22.14.7.029,33]pentatetracontan-16-yl]acetic acid",,,,,60,-5.80000000000001,564.84,1454.498817164,17,18,23,14,39,99,99,12,3,3,3,-5.80000000000001,-5.80000000000001,99,1,0,0.0442157425453349,2,0,15,1,16,0,0.173239907622337,0.111456136405468,0.489192688465118,0.0049466950702481,0.12233488894999,0.16296155154705,0.112285490706563,0.110537443868816,0.0381709717679769,0.738241839408875,0.214513243734837,0.0347714997828007,0.153622793406248,0.541480261087418,0.117459084838629,0.0112139204517007,0.0236864194273949,0.00963244033046067,0.00835464326664805,0.11604219339788,0.165182310342789,0.0249382257461548,0.0277031160891056,0.100383853167295,0.175488968193531,0.0445736792869866,0.0265396328642964,0.0111463231965899,0.0605620488524437,0.183368073403835,0.313089054822922,-7.39368760106231,7.26748231106322,26.5874368493041,-9.8866005389065,-16.3617263622113,2.21822440077752,-0.536621216099333,68.4645167904132,-2.62688533150703,-4.0793558056402,2.90810391624661,47.7316789453276,6.97944939899186,18.9220628150446,25.6300891818534,53.2376890267546,53.6254362155874,67.157813105855,51.6479255525397,46.4133385032959,78.7514540519581,67.0027142303218,14.540519581233,60.837533927879,56.1457929430012,8.02636680884064,50.9112058937573,49.7867390461419,34.9747964327259,36.0217138425746,89.3369523070958,73.749515316014,74.6025591314463,5.38968592477705,51.2989530825902,57.6192322605661,79.0616518030244,63.0864676231097,34.7809228383094,67.9333074835207,18.2628925940287,51.8417991469562,1.24079100426522,20.7444746025591,58.7049243892982,19.387359441644,6.08763086467623,31.0197751066305,18.844513377278,41.721597518418,58.278402481582,11.6711903838697
PT056293,,,SN0484667,,ZZSNZBVVUNKZBF-JBBRWPJWSA-N,"InChI=1S/C29H39N3O5/c1-4-36-16-8-15-32-25(27(34)30-20-9-6-5-7-10-20)29-14-13-22(37-29)23(24(29)28(32)35)26(33)31-21-12-11-18(2)19(3)17-21/h11-14,17,20,22-25H,4-10,15-16H2,1-3H3,(H,30,34)(H,31,33)/t22-,23+,24-,25+,29+/m1/s1",CCOCCCN1[C@@H](C(=O)NC2CCCCC2)[C@]34O[C@H](C=C3)[C@@H]([C@@H]4C1=O)C(=O)Nc5ccc(C)c(C)c5,C29H39N3O5,"(1S,2R,5S,6R,7R)-2-N-cyclohexyl-6-N-(3,4-dimethylphenyl)-3-(3-ethoxypropyl)-4-oxo-10-oxa-3-azatricyclo[5.2.1.01,5]dec-8-ene-2,6-dicarboxamide",,,,,29,3.26804,96.97,509.288971348,9,2,5,3,8,37,37,5,1,3,4,3.26804,3.26804,37,3,0,0.393488013926623,0,0,4,0,2,0,0.226621060073376,0.837967264652252,0.539565396308899,0.00531621247064322,0.248287861049175,0.0586183317005634,0.0805443530902266,0.175659769773483,0.0675189159810543,0.930629754066467,0.947890305519104,0.0946153484284878,0.24496833384037,0.496100598573685,0.993845438957214,0.0160729321185499,0.07438989803195,0.0564180284738541,0.0601504914462566,0.0217952814884484,0.099321211129427,0.0144476724788547,0.849103677272797,0.907938754558563,0.630944764614105,0.0872188545763493,0.0788260638713837,0.253099210560322,0.173883835971355,0.137427989393473,0.73423582315445,-4.98453818036563,84.8066134337738,84.4558138407739,34.15256010788,-8.04112852653266,4.25504299182435,3.04728247514478,93.3713500924265,-4.38608425174293,5.35821244580343,20.9189608375339,56.4559906940675,59.8681659557968,21.6362931368748,26.3280341217526,68.5149282667701,21.132221791392,62.039550213261,62.8925940286933,55.2539744086855,99.6122528111671,97.3245443970531,35.7115160915083,71.3842574641334,53.6642109344707,46.3745637844126,60.8763086467623,82.4738270647538,62.9701434664599,64.6762310973246,55.7580457541683,55.2151996898023,66.7312911981388,59.4028693291974,94.0674680108569,89.7246994959287,86.6614967041489,81.698332687088,75.9984490112447,83.3656455990694,11.43854207057,74.0597130670803,49.8642884839085,84.9166343544009,92.4389298177588,79.0228770841411,65.9170221015898,98.8367584335014,81.8922062815045,79.7208220240403,24.3505234587049,76.7739433889104
PT056294,,,SN0484667,ZINC000225410891,ZZSNZBVVUNKZBF-LCIYGTCESA-N,"InChI=1S/C29H39N3O5/c1-4-36-16-8-15-32-25(27(34)30-20-9-6-5-7-10-20)29-14-13-22(37-29)23(24(29)28(32)35)26(33)31-21-12-11-18(2)19(3)17-21/h11-14,17,20,22-25H,4-10,15-16H2,1-3H3,(H,30,34)(H,31,33)/t22-,23-,24-,25+,29+/m1/s1",CCOCCCN1[C@@H](C(=O)NC2CCCCC2)[C@]34O[C@H](C=C3)[C@H]([C@@H]4C1=O)C(=O)Nc5ccc(C)c(C)c5,C29H39N3O5,"(1S,2R,5S,6S,7R)-2-N-cyclohexyl-6-N-(3,4-dimethylphenyl)-3-(3-ethoxypropyl)-4-oxo-10-oxa-3-azatricyclo[5.2.1.01,5]dec-8-ene-2,6-dicarboxamide",,,,,29,3.26804,96.97,509.288971348,9,2,5,3,8,37,37,5,1,3,4,3.26804,3.26804,37,3,0,0.393488013926623,0,0,4,0,2,0,0.230549049377441,0.834047043323517,0.524885135889053,0.0058175868820399,0.254149848222733,0.052198027446866,0.086796460673213,0.161428566277027,0.0667194034904242,0.932568180561066,0.951111364364624,0.0854483995586634,0.234785908460617,0.486085164546967,0.994132268428803,0.0178430539090186,0.0779265962541103,0.0576921924948692,0.0774139925837517,0.0242706606164575,0.102921932190657,0.0168659942224622,0.855674755573273,0.902538001537323,0.660739457607269,0.0974703729152679,0.0910037226974964,0.298131284117699,0.211898908019066,0.146008361876011,0.767391526699066,-4.99315259414823,84.2021990907191,84.1698760890998,35.4792977780501,-8.06851423733228,4.26593912848809,3.04713302580035,93.6005176863382,-4.37240532028423,5.26192512349371,20.9189608375339,57.0376114773168,59.3640946103141,20.8995734780923,27.3749515316014,68.9802248933695,18.9220628150446,63.1640170608763,60.6436603334626,55.2151996898023,99.6122528111671,97.4796432725863,33.0748352074447,70.0659170221016,53.0825901512214,47.0337340054285,64.0946103140752,83.2493214424195,63.3191159364095,68.7863512989531,58.8987979837146,57.1539356339667,68.902675455603,60.294687863513,93.679720822024,91.0818146568437,88.0573865839473,83.7921675067856,77.8596355176425,86.1962000775494,12.8732066692516,76.308646762311,49.2438929817759,84.7227607599845,92.4001550988755,79.682047305157,65.68437378829,98.8367584335014,81.8922062815045,80.4187669639395,24.5831717720047,76.1147731678945
PT056295,,,SN0484667,ZINC000225410937,ZZSNZBVVUNKZBF-LPSUVQJGSA-N,"InChI=1S/C29H39N3O5/c1-4-36-16-8-15-32-25(27(34)30-20-9-6-5-7-10-20)29-14-13-22(37-29)23(24(29)28(32)35)26(33)31-21-12-11-18(2)19(3)17-21/h11-14,17,20,22-25H,4-10,15-16H2,1-3H3,(H,30,34)(H,31,33)/t22-,23-,24-,25-,29+/m1/s1",CCOCCCN1[C@H](C(=O)NC2CCCCC2)[C@]34O[C@H](C=C3)[C@H]([C@@H]4C1=O)C(=O)Nc5ccc(C)c(C)c5,C29H39N3O5,"(1S,2S,5S,6S,7R)-2-N-cyclohexyl-6-N-(3,4-dimethylphenyl)-3-(3-ethoxypropyl)-4-oxo-10-oxa-3-azatricyclo[5.2.1.01,5]dec-8-ene-2,6-dicarboxamide",,,,,29,3.26804,96.97,509.288971348,9,2,5,3,8,37,37,5,1,3,4,3.26804,3.26804,37,3,0,0.393488013926623,0,0,4,0,2,0,0.241792973875999,0.830525779724121,0.505782628059387,0.00627888734452426,0.252188032865524,0.04604801684618,0.090455088019371,0.145520947873592,0.0690400537103415,0.933396744728088,0.952649831771851,0.0785983379930258,0.230471497774124,0.476477295160294,0.993970227241516,0.0196615744149312,0.0797978606075049,0.0575885485857725,0.0965475052595139,0.0264269707724452,0.105228079110384,0.0200848711654544,0.858988261222839,0.893003141880035,0.678232347965241,0.108661402761936,0.102173195779324,0.330948552489281,0.254954363405705,0.156748996675015,0.787516915798187,-4.99552007372362,83.9787793176291,84.4494539541334,36.4863022644665,-8.07087365276564,4.26854215828945,3.06149605951102,94.0037363523463,-4.37929451844549,5.24028380204778,20.9189608375339,58.5886002326483,58.9763474214812,19.8914307871268,28.1116711903839,68.8639007367197,16.9057774331136,63.8231872818922,58.278402481582,55.7968204730516,99.6122528111671,97.4796432725863,30.5157037611477,69.4842962388523,52.6172935246219,46.6847615354789,66.1884451337728,83.6370686312524,63.3191159364095,72.547499030632,61.3416052733618,58.0457541682823,71.6169057774331,60.566110895696,92.9042264443583,91.7409848778596,89.2206281504459,85.1492826677007,79.3718495540907,88.7165568049632,14.5017448623497,77.5882124854595,49.1663435440093,84.5288871655681,92.4389298177588,80.4187669639395,65.6455990694067,98.8755331523847,82.0860798759209,80.9616130283056,24.5443970531214,76.037223730128
PT056296,,,SN0484667,,ZZSNZBVVUNKZBF-ZKNIRDGJSA-N,"InChI=1S/C29H39N3O5/c1-4-36-16-8-15-32-25(27(34)30-20-9-6-5-7-10-20)29-14-13-22(37-29)23(24(29)28(32)35)26(33)31-21-12-11-18(2)19(3)17-21/h11-14,17,20,22-25H,4-10,15-16H2,1-3H3,(H,30,34)(H,31,33)/t22-,23+,24-,25-,29+/m1/s1",CCOCCCN1[C@H](C(=O)NC2CCCCC2)[C@]34O[C@H](C=C3)[C@@H]([C@@H]4C1=O)C(=O)Nc5ccc(C)c(C)c5,C29H39N3O5,"(1S,2S,5S,6R,7R)-2-N-cyclohexyl-6-N-(3,4-dimethylphenyl)-3-(3-ethoxypropyl)-4-oxo-10-oxa-3-azatricyclo[5.2.1.01,5]dec-8-ene-2,6-dicarboxamide",,,,,29,3.26804,96.97,509.288971348,9,2,5,3,8,37,37,5,1,3,4,3.26804,3.26804,37,3,0,0.393488013926623,0,0,4,0,2,0,0.235298365354538,0.832958078384399,0.515564876794815,0.00563716429751366,0.247335992008448,0.0518389482051134,0.0846985027194023,0.15925949960947,0.070170782878995,0.931907153129578,0.95147385597229,0.0873065151274204,0.238763856887817,0.489941090345383,0.993847000598908,0.0173833907581866,0.0754097521305084,0.0569179061800241,0.075382050126791,0.0236271861940622,0.102450729161501,0.0175103053450584,0.851045620441437,0.901170217990875,0.658648657798767,0.0983218640089035,0.0916667312383652,0.289578863978386,0.219505929946899,0.147371171414852,0.756800758838654,-4.98576207810241,84.6399113094013,84.8133545689903,35.1707476840107,-8.04181281231548,4.25935607767995,3.06230095353193,93.7564713059158,-4.3963671260392,5.34730098149076,20.9189608375339,57.8906552927491,59.3253198914308,20.4730515703761,27.0647537805351,68.3598293912369,18.6894145017449,62.7374951531601,60.2171384257464,56.3784412563009,99.6122528111671,97.4796432725863,33.6952307095774,70.4536642109345,53.3540131834044,46.3745637844126,63.3191159364095,82.7064753780535,63.0864676231097,68.0884063590539,57.9294300116324,56.8437378829004,69.4842962388523,59.7130670802637,93.5633966653742,91.0042652190772,88.1349360217138,83.8309422256689,77.5106630476929,86.9329197363319,13.0670802636681,75.6494765412951,49.6704148894921,84.8390849166344,92.594028693292,79.4493989918573,65.9170221015898,98.8367584335014,82.1248545948042,80.4963164017061,24.1566498642885,76.7739433889104
PT057009,CNP0300439,,SN0352865,ZINC000004996366,SQTZIZRZYBUMMV-UHFFFAOYSA-N,"InChI=1S/C11H9N5O5/c1-5-6(3-2-4-7(5)16(20)21)14-15-8-9(17)12-11(19)13-10(8)18/h2-4,14H,1H3,(H2,12,13,17,18,19)",O=C1N=C(O)C(=NNC2=CC=CC(=C2C)[N+](=O)[O-])C(=O)N1,C11H9N5O5,"5-[(2-methyl-3-nitrophenyl)hydrazinylidene]-1,3-diazinane-2,4,6-trione",,,,,11,0.87742,146.29,291.060368388,3,3,6,3,10,21,21,0,1,0,1,0.87742,0.87742,21,4,0,0.555972668305587,1,0,3,0,2,0,0.239097794890404,0.747346764802933,0.93160651922226,0.797882449626923,0.0737686324864626,0.326772090792656,0.0930836021900177,0.0341151682659984,0.0242671260377392,0.200060184299946,0.0156161671504378,0.177626863121986,0.01868158839643,0.978294682502747,0.999914574623108,0.00500395636772737,0.0322317889891565,0.529257589578629,0.00594958635047078,0.00254718792275526,0.063910261914134,0.00278649771935306,0.724184900522232,0.0102975436020643,0.428982678055763,0.0039888467406854,0.0263377238996327,0.868405020236969,0.0375825855880976,0.947607529163361,0.0606905329972506,-4.90535781576449,-10.3419951162361,25.2376890381175,-25.3364304679193,-13.2561561632554,2.16191144939943,1.06921751199943,95.4951637393685,-4.35067571192599,3.43464227961342,63.8037999224506,58.3559519193486,50.872431174874,83.714618069019,92.1675067855758,44.2419542458317,81.1942613416053,64.1721597518418,25.2811167119038,38.6971694455215,23.6138037999225,36.3706863125242,54.4784800310198,17.8751454051958,96.7816983326871,86.1574253586662,31.7952694842962,61.1477316789453,93.4470725087243,32.5319891430787,12.8344319503684,35.401318340442,40.3644823575029,47.8480031019775,23.3811554866227,79.6432725862738,42.2256688639007,62.9313687475766,97.0531213648701,60.566110895696,96.9367972082202,23.4587049243893,54.7499030632028,9.65490500193874,57.3865839472664,5.31213648701047,18.5343156262117,28.0728964715006,43.3113609926328,83.5595191934858,24.8158200853044,64.3660333462582
PT057010,CNP0304643,NPA004693,,,SXFOZGYJEJAZDJ-UHFFFAOYSA-N,"InChI=1S/C15H17N3O5/c1-23-18-13(20)12(8-19)17-14(21)15(18,22)6-9-7-16-11-5-3-2-4-10(9)11/h2-5,7,12,16,19,22H,6,8H2,1H3,(H,17,21)",O=C1NC(C(=O)N(OC)C1(O)CC2=CNC=3C=CC=CC32)CO,C15H17N3O5,"6-hydroxy-3-(hydroxymethyl)-6-(1H-indol-3-ylmethyl)-1-methoxypiperazine-2,5-dione",Oidioperazine B,,,,15,-0.720299999999999,114.89,319.116820644,4,4,5,2,8,23,23,2,2,1,1,-0.720299999999999,-0.720299999999999,23,4,0,0.593607084285081,2,0,3,0,2,0,0.434878849983215,0.538370943069458,0.866930282115936,0.0177865800447762,0.212873917818069,0.36249763071537,0.03803557055071,0.0422662667930126,0.000590988697513239,0.538998657464981,0.0210885539650917,0.175994939357042,0.197028906643391,0.940770697593689,0.999609100818634,0.00274720404995605,0.00558622241951525,0.172967195510864,0.0412868992425501,0.00385450115427375,0.0362246882170439,0.00622205615509301,0.508519941568375,0.0247257869690657,0.185363928973675,0.00352215941529721,0.00874043703079224,0.021683294698596,0.0580371975898743,0.514634275436401,0.138305217400193,-5.53778456424235,13.1349141232027,-0.424192455690333,-0.193764356649012,-18.9828267116961,2.43208653283953,0.323720971862112,68.9384101251078,-2.7679574442611,-3.99822438287159,63.8037999224506,78.4800310197751,32.9197363319116,64.0170608763087,39.7440868553703,64.9864288483908,84.5676618844513,50.1744862349748,29.9728576967817,4.76929042264444,55.176424970919,39.0073671965878,54.0519581233036,66.0333462582396,87.2043427685149,74.9515316013959,21.403644823575,15.0058162078325,79.2555253974409,57.735556417216,17.5261729352462,16.0915083365646,54.0519581233036,34.6258239627763,34.0054284606437,59.2865451725475,39.97673516867,41.5664986428848,42.8072896471501,67.1965878247383,59.4028693291974,35.2462194649089,22.1791392012408,25.5913144629701,28.266770065917,36.5645599069407,2.9468786351299,43.5827840248158,31.5626211709965,42.1868941450175,55.0988755331524,11.8650639782862
PT057011,CNP0315872,NPA016080,,,UHWVQMFJEVJYGL-UHFFFAOYSA-N,"InChI=1S/C55H53N15O9S6/c1-23(2)38-54-69-39(24(3)85-54)46(76)58-17-37(72)66-42(43(73)26-10-7-6-8-11-26)53-65-34(22-83-53)51-62-31(19-81-51)41-27(49-63-32(20-80-49)45(75)60-29(16-36(71)57-5)52-68-40(25(4)84-52)47(77)67-38)13-14-28(59-41)50-64-33(21-82-50)48-61-30(18-79-48)55(78)70-15-9-12-35(70)44(56)74/h6-8,10-11,13-14,19-23,29-30,35,38,42-43,73H,9,12,15-18H2,1-5H3,(H2,56,74)(H,57,71)(H,58,76)(H,60,75)(H,66,72)(H,67,77)",O=C1NC(C2=NC(C(=O)NC(C3=NC(C(=O)NCC(=O)NC(C4=NC(=CS4)C5=NC(=CS5)C=6N=C(C=CC6C7=NC1=CS7)C8=NC(=CS8)C9=NC(C(=O)N%10CCCC%10C(=O)N)CO9)C(O)C=%11C=CC=CC%11)=C(S3)C)C(C)C)=C(S2)C)CC(=O)NC,C55H53N15O9S6,"1-[2-[2-[35-[hydroxy(phenyl)methyl]-21,28-dimethyl-18-[2-(methylamino)-2-oxoethyl]-16,23,30,33-tetraoxo-25-propan-2-yl-3,13,20,27,37-pentathia-7,17,24,31,34,39,40,41,42,43-decazaheptacyclo[34.2.1.12,5.112,15.119,22.126,29.06,11]tritetraconta-1(38),2(43),4,6(11),7,9,12(42),14,19(41),21,26(40),28,36(39)-tridecaen-8-yl]-1,3-thiazol-4-yl]-4,5-dihydro-1,3-oxazole-4-carbonyl]pyrrolidine-2-carboxamide",GE2270 B2,,,,55,6.09574000000001,340.95,1259.247494276,9,7,23,7,30,85,85,6,8,1,3,6.09574000000001,6.09574000000001,85,0,0,0.0858701433607453,1,0,8,0,6,0,0.138192915916443,0.0391785924322903,0.702366209030151,0.0449964251369238,0.339375460147858,0.256192919611931,0.405212470889092,0.0505194015800953,0.015756707964465,0.667277771234512,0.580528926849365,0.118839670717716,0.175155113637447,0.986183631420136,0.970300483703613,0.0151466124691069,0.0210747666656971,0.188171297311783,0.150845390930772,0.0226844118908048,0.0895089536905289,0.206574323400855,0.624284166097641,0.925400674343109,0.667429387569428,0.33309270888567,0.142089637368917,0.684760129451752,0.528200268745422,0.13068922162056,0.77474799156189,-5.67967279637462,15.6248367594644,86.2122346939329,30.5569585025801,-14.1227380252882,2.65578695696851,2.77612876424713,95.8965920111791,-4.81147676308529,-5.0502875048918,0.19387359441644,41.7603722373013,1.6285381930981,36.874757658007,50.9499806126406,75.4943776657619,72.004652966266,86.9329197363319,33.7727801473439,31.1748739821636,68.8251260178364,83.2493214424195,42.7297402093835,63.3191159364095,98.5653354013183,33.4238076773943,59.2477704536642,46.2582396277627,80.9616130283056,80.4187669639395,56.9212873206669,50.6397828615743,95.3470337340054,41.0624272974021,95.5796820473052,91.1981388134936,97.2082202404033,88.7941062427297,92.2062815044591,96.4715005816208,10.0814269096549,76.6963939511439,18.8057386583947,28.5381930981,92.9430011632416,76.0759984490112,13.5323768902675,58.7049243892982,75.6494765412951,84.1411399767352,17.0608763086468,8.56921287320667
PT057012,CNP0315879,,,,UHXALLLKQMDBPR-UHFFFAOYSA-N,"InChI=1S/C30H40N4O4/c1-19(2)18-24-28(35)31-17-16-21-12-14-23(15-13-21)38-27(22-10-8-7-9-11-22)25(29(36)32-24)33-30(37)26(20(3)4)34(5)6/h7-17,19-20,24-27H,18H2,1-6H3,(H,31,35)(H,32,36)(H,33,37)",O=C1NC=CC=2C=CC(OC(C=3C=CC=CC3)C(NC(=O)C(N(C)C)C(C)C)C(=O)NC1CC(C)C)=CC2,C30H40N4O4,"2-(dimethylamino)-3-methyl-N-[7-(2-methylpropyl)-5,8-dioxo-3-phenyl-2-oxa-6,9-diazabicyclo[10.2.2]hexadeca-1(14),10,12,15-tetraen-4-yl]butanamide",,,,,30,3.5091,99.77,520.30495576,7,3,5,3,8,38,38,4,2,0,2,3.5091,3.5091,38,3,0,0.518982010351028,0,0,4,0,3,0,0.112873917818069,0.175962778925896,0.807220494747162,0.00550192672526464,0.347939217090607,0.346945095062256,0.243875658512115,0.106528759002686,0.0534666810184717,0.917652130126953,0.906301832199097,0.395662552118301,0.111678682267666,0.732687079906464,0.956486368179321,0.00817329860292375,0.0294380838051438,0.0518519774079323,0.0186348824761808,0.0232067014556378,0.0691397976130247,0.0309956233017147,0.810436999797821,0.821107137203217,0.315359514951706,0.0185498210834339,0.0303767040371895,0.0988386925309897,0.0191920598037541,0.125676563382149,0.6054294526577,-5.33302244435961,16.7576514149169,81.4752906876543,87.9379921955145,-9.0915255336976,3.57945916877354,2.37647810348489,85.5096293930567,-3.92211208257906,1.94120420295455,20.9189608375339,36.2931368747577,11.43854207057,52.1519968980225,26.7933307483521,75.8821248545948,83.2105467235363,79.1779759596743,50.601008142691,51.5703761147732,99.2245056223342,95.153160139589,82.1248545948042,53.702985653354,66.7312911981388,31.0973245443971,42.7297402093835,58.278402481582,61.7293524621947,46.0643660333463,57.5416828227995,38.8522683210547,77.5882124854595,55.719271035285,88.832880961613,72.5862737495153,66.6925164792555,65.8394726638232,63.2415664986429,48.4296238852268,9.34470725087243,68.4761535478868,30.0891818534316,29.5463357890655,91.1593640946103,94.5715393563397,55.8355951919349,93.7184955409073,67.6618844513377,64.7537805350911,33.4238076773943,53.702985653354
PT057013,CNP0315882,,SN0370914,,UHXCBMGDLOQUHX-UHFFFAOYSA-N,"InChI=1S/C22H38N2O16/c1-6(28)23-11-16(33)13(30)8(3-25)37-21(11)40-19-15(32)10(5-27)38-22(17(19)34)39-18-12(24-7(2)29)20(35)36-9(4-26)14(18)31/h8-22,25-27,30-35H,3-5H2,1-2H3,(H,23,28)(H,24,29)",O=C(NC1C(O)C(O)C(OC1OC2C(O)C(OC(CO)C2O)OC3C(O)C(OC(O)C3NC(=O)C)CO)CO)C,C22H38N2O16,"N-[2-[2-[3-acetamido-2,5-dihydroxy-6-(hydroxymethyl)oxan-4-yl]oxy-3,5-dihydroxy-6-(hydroxymethyl)oxan-4-yl]oxy-4,5-dihydroxy-6-(hydroxymethyl)oxan-3-yl]acetamide",,,,,22,-7.2854,286.42,586.222133136,9,11,16,2,18,40,40,15,0,3,3,-7.2854,-7.2854,40,1,0,0.119584839762807,9,0,2,3,2,0,0.0647391252219677,0.0573950979858637,0.203500328958035,8.894900129234884e-05,0.0106418468523771,0.0112551708705723,0.00229218856547959,0.00575053669745103,0.00252183644115576,0.33340886682272,0.00137359134241706,0.019495471380651,0.0134873502887785,0.326371741294861,0.00976296826265752,0.0223100559785962,0.0281212829053402,0.000590104020375293,0.00313293740910012,0.0431396728381515,0.134219747036695,0.00234803635976277,0.0481211718171835,0.0268184445798397,0.171398854255676,0.00278719457273837,0.00480364629765973,0.00094693610444665,0.0224142965860665,0.112856628000736,0.0753921035677195,-7.31038621020006,3.99796667649034,28.6380795988439,26.6095164098566,-18.1305613955522,1.33314501476586,-0.899599967644914,39.0359539079546,-0.083274257473794,-5.678694384667,2.90810391624661,24.0015509887553,3.02442807289647,4.07134548274525,2.05506010081427,16.9833268708802,3.68359829391237,14.9282667700659,1.35711516091508,12.1364870104692,35.0135711516092,19.3098100038775,8.41411399767352,14.4241954245832,41.9154711128344,2.44280728964715,69.2904226444358,56.3784412563009,6.32027917797596,26.2117099651028,73.2454439705312,66.6925164792555,37.6502520356727,8.29778984102365,35.0911205893757,56.9212873206669,36.5257851880574,29.8953082590151,12.6017836370686,50.7561070182241,7.09577355564172,25.979061651803,1.70608763086468,17.9139201240791,60.5273361768127,73.6331911593641,3.68359829391237,3.99379604497867,13.9201240791004,13.6487010469174,91.8960837533928,6.55292749127569
PT161631,CNP0315883,,,,UHXDSKADPILIPT-UHFFFAOYSA-N,"InChI=1S/C29H48N4O6/c1-4-5-6-7-8-9-10-11-12-13-14-15-26(37)33-27(22(3)34)29(39)32-24-20-23(35)18-19-30-25(36)17-16-21(2)31-28(24)38/h12-17,21-24,27,34-35H,4-11,18-20H2,1-3H3,(H,30,36)(H,31,38)(H,32,39)(H,33,37)",O=C1C=CC(NC(=O)C(NC(=O)C(NC(=O)C=CC=CCCCCCCCCC)C(O)C)CC(O)CCN1)C,C29H48N4O6,"N-[3-hydroxy-1-[(10-hydroxy-5-methyl-2,7-dioxo-1,6-diazacyclododec-3-en-8-yl)amino]-1-oxobutan-2-yl]tetradeca-2,4-dienamide",,,,,29,1.9217,156.86,548.357385256,14,6,6,4,10,39,39,5,0,0,1,1.9217,1.9217,39,2,0,0.110625772521848,2,0,4,0,4,0,0.200297689437866,0.192127303779125,0.192474030703306,0.000784754721098579,0.0518391087651253,0.0358889180235565,0.0184264665469527,0.0253701662644744,0.0241175526753068,0.636849594116211,0.306318080425262,0.246273076534271,0.0588627226650715,0.304893326759338,0.419198608398438,0.0326903650537133,0.0618078224360943,0.00580074950121343,0.0125254133716226,0.0229785865172744,0.0796731561422348,0.0131438356824219,0.335406422615051,0.752284109592438,0.408734339475632,0.00457890299148858,0.106482695788145,0.017007165402174,0.0537906862795353,0.397659206390381,0.274876414239407,-5.79219097291706,41.2589253528555,95.0917852351688,16.1638383204981,-11.0600763949336,3.33120196921062,1.77095630351665,85.946198273015,-3.64533279388674,1.87417347709334,9.84877859635518,52.1132221791392,12.1752617293525,3.79992245056223,9.88755331523846,38.7747188832881,13.0283055447848,39.5114385420706,18.4567661884451,38.5808452888717,65.1803024428073,72.6638231872819,65.6455990694067,40.1318340442032,40.4032570763862,15.2384645211322,77.8596355176425,78.4412563008918,27.4137262504847,40.7910042652191,57.2314850717332,45.0562233423808,65.3354013183404,26.9484296238852,86.002326483133,78.6351298953083,44.4746025591315,85.459480418767,39.6665374176037,66.1496704148895,47.3439317564948,49.2051182628926,15.8588600232648,54.7886777820861,94.881737107406,62.5436215587437,35.6727413726251,89.2981775882125,55.7580457541683,65.5680496316402,38.4645211322218,52.9274912756883
PT161632,CNP0325770,NPA004103,SN0382457,,UXCLPCJWPYUVDN-UHFFFAOYSA-N,"InChI=1S/C106H144N26O33S4/c1-49(2)84(104(162)122-66(33-56-19-25-60(137)26-20-56)93(151)127-74(46-167)98(156)115-51(4)89(147)126-76(48-169)99(157)121-69(37-78(108)140)90(148)111-40-80(142)117-70(38-79(109)141)94(152)119-65(32-55-14-9-8-10-15-55)92(150)123-71(106(164)165)35-58-23-29-62(139)30-24-58)129-96(154)68(36-59-39-110-64-17-12-11-16-63(59)64)116-81(143)41-113-102(160)85(52(5)134)128-83(145)43-112-91(149)73(45-166)118-82(144)42-114-103(161)86(53(6)135)130-101(159)77-18-13-31-132(77)105(163)87(54(7)136)131-95(153)67(34-57-21-27-61(138)28-22-57)120-97(155)72(44-133)124-100(158)75(47-168)125-88(146)50(3)107/h8-12,14-17,19-30,39,49-54,65-77,84-87,110,133-139,166-169H,13,18,31-38,40-48,107H2,1-7H3,(H2,108,140)(H2,109,141)(H,111,148)(H,112,149)(H,113,160)(H,114,161)(H,115,156)(H,116,143)(H,117,142)(H,118,144)(H,119,152)(H,120,155)(H,121,157)(H,122,162)(H,123,150)(H,124,158)(H,125,146)(H,126,147)(H,127,151)(H,128,145)(H,129,154)(H,130,159)(H,131,153)(H,164,165)",O=C(O)C(NC(=O)C(NC(=O)C(NC(=O)CNC(=O)C(NC(=O)C(NC(=O)C(NC(=O)C(NC(=O)C(NC(=O)C(NC(=O)C(NC(=O)CNC(=O)C(NC(=O)CNC(=O)C(NC(=O)CNC(=O)C(NC(=O)C1N(C(=O)C(NC(=O)C(NC(=O)C(NC(=O)C(NC(=O)C(N)C)CS)CO)CC2=CC=C(O)C=C2)C(O)C)CCC1)C(O)C)CS)C(O)C)CC3=CNC=4C=CC=CC43)C(C)C)CC5=CC=C(O)C=C5)CS)C)CS)CC(=O)N)CC(=O)N)CC=6C=CC=CC6)CC7=CC=C(O)C=C7,C106H144N26O33S4,2-[[2-[[4-amino-2-[[2-[[4-amino-2-[[2-[2-[[2-[[2-[[2-[[2-[[2-[[2-[[2-[[2-[[2-[[2-[[1-[2-[[2-[[2-[[2-(2-aminopropanoylamino)-3-sulfanylpropanoyl]amino]-3-hydroxypropanoyl]amino]-3-(4-hydroxyphenyl)propanoyl]amino]-3-hydroxybutanoyl]pyrrolidine-2-carbonyl]amino]-3-hydroxybutanoyl]amino]acetyl]amino]-3-sulfanylpropanoyl]amino]acetyl]amino]-3-hydroxybutanoyl]amino]acetyl]amino]-3-(1H-indol-3-yl)propanoyl]amino]-3-methylbutanoyl]amino]-3-(4-hydroxyphenyl)propanoyl]amino]-3-sulfanylpropanoyl]amino]propanoylamino]-3-sulfanylpropanoyl]amino]-4-oxobutanoyl]amino]acetyl]amino]-4-oxobutanoyl]amino]-3-phenylpropanoyl]amino]-3-(4-hydroxyphenyl)propanoic acid,Fulvocin C,,,,106,-11.7921999999999,938.31,2436.927195068,67,37,37,24,63,169,169,22,6,1,1,-11.7921999999999,-11.7921999999999,169,1,0,0.0157691927271605,8,0,27,1,25,4,0.0308887511491776,0.056574397906661,0.413326400518417,0.0069794550887309,0.335284564644098,0.332386121153832,0.226586851477623,0.138886853680015,0.0222790988278575,0.828653299808502,0.307873678207397,0.047713749948889,0.0317123083397746,0.736845481395722,0.630205994844437,0.00541029705200344,0.0108729340136051,0.0166290442459285,0.00257886155741289,0.0271412653848529,0.0815838862210512,0.012806585803628,0.0730562128126621,0.0815092626959086,0.104637305065989,0.00836156764999032,0.0136668474879116,0.00857931866776198,0.032000470161438,0.063077512010932,0.365363293886185,-7.14020783877423,-13.0556093890666,57.1098949819983,4.34555851525607,-15.6890486357935,2.98184860904422,0.472931949500245,82.6783431997853,-3.06878973142511,-6.21756010795351,2.90810391624661,12.3303606048856,2.98565335401318,14.5792943001163,29.5075610701822,75.2617293524622,81.5432338115549,77.8596355176425,57.1539356339667,37.2237301279566,91.7797595967429,72.7413726250485,19.4649088794106,27.2974020938348,67.1190383869717,19.7751066304769,33.4625823962776,26.8708801861187,43.737882900349,24.3117487398216,62.1170996510275,46.0643660333463,64.9088794106243,11.5548662272199,48.7398216362931,45.6378441256301,53.0050407134548,49.7479643272586,32.1442419542458,57.3478092283831,1.70608763086468,56.1070182241179,2.17138425746413,8.53043815432338,81.6207832493214,45.0949980612641,7.63861962000776,77.8984102365258,34.1993020550601,60.02326483133,49.3602171384257,5.58355951919349
PT161633,CNP0325774,NPA008863,,,UXCOEHGXGSWISO-UHFFFAOYSA-N,"InChI=1S/C22H30N2O8/c1-5-11(2)9-15-18(26)13(4)32-22(30)17(12(3)31-21(15)29)24-20(28)14-7-6-8-16(19(14)27)23-10-25/h6-8,10-13,15,17-18,26-27H,5,9H2,1-4H3,(H,23,25)(H,24,28)",O=CNC1=CC=CC(C(=O)NC2C(=O)OC(C)C(O)C(C(=O)OC2C)CC(C)CC)=C1O,C22H30N2O8,"3-formamido-2-hydroxy-N-[7-hydroxy-2,6-dimethyl-8-(2-methylbutyl)-4,9-dioxo-1,5-dioxonan-3-yl]benzamide",Urauchimycin A,,,,22,1.3492,151.26,450.20021592,7,4,8,2,10,32,32,6,1,1,1,1.3492,1.3492,32,4,0,0.276031233820048,2,0,2,2,2,0,0.489772951602936,0.125226487964392,0.623997354507446,0.0134889052249491,0.131973117589951,0.139072860777378,0.199673248827457,0.0219637239351869,0.0202815524768084,0.528004425764084,0.303589794039726,0.220150566101074,0.16819534599781,0.844012904167175,0.961046183109284,0.0330616557039321,0.0628479175269604,0.0316879479214549,0.121802235394716,0.0418928498402238,0.116696558892727,0.0571908723562956,0.494223004579544,0.32585768699646,0.181245565414429,0.0282112916000187,0.0837280206382275,0.430399584770203,0.300295847654343,0.368963843584061,0.327925783395767,-5.86319159534142,49.7655868141194,29.6913605433981,-13.4389936599179,-10.2707569074482,2.73871477456276,0.915471445281687,74.6520680368036,-3.18474900043556,6.25334513827217,63.8037999224506,81.8146568437379,8.06514152772392,27.8790228770841,36.7196587824738,54.3621558743699,47.8480031019775,75.8045754168282,15.6262117099651,35.0135711516092,53.8968592477705,72.6250484683986,61.8456766188445,62.6211709965103,75.5331523846452,31.8728189220628,78.0535091120589,78.7902287708414,54.1682822799535,76.851492826677,72.3148507173323,62.1946490887941,85.4982551376503,34.0829778984102,67.6618844513377,58.6273749515316,73.0127956572315,82.8615742535867,83.0166731291198,90.4226444358278,43.9705312136487,53.0050407134548,14.540519581233,62.1946490887941,61.6905777433114,14.5017448623497,43.8929817758821,63.8619620007755,40.7910042652191,49.0500193873594,46.9561845676619,81.3105854982551
PT161634,NPA006238,SN0389424,,VGEXTJDYJHYSDB-UHFFFAOYSA-N,"InChI=1S/C58H102N12O13/c1-18-35(10)45(65-46(74)38(23-24-43(59)73)63-53(81)56(12,13)66-36(11)72)51(79)64-44(34(8)9)52(80)68-58(16,17)55(83)70-26-20-22-42(70)50(78)62-39(28-32(4)5)47(75)61-40(29-33(6)7)48(76)67-57(14,15)54(82)69-25-19-21-41(69)49(77)60-37(30-71)27-31(2)3/h31-35,37-42,44-45,71H,18-30H2,1-17H3,(H2,59,73)(H,60,77)(H,61,75)(H,62,78)(H,63,81)(H,64,79)(H,65,74)(H,66,72)(H,67,76)(H,68,80)",O=C(NC(C(=O)NC(C(=O)NC(C(=O)NC(C(=O)NC(C(=O)N1CCCC1C(=O)NC(C(=O)NC(C(=O)NC(C(=O)N2CCCC2C(=O)NC(CO)CC(C)C)(C)C)CC(C)C)CC(C)C)(C)C)C(C)C)C(C)CC)CCC(=O)N)(C)C)C,C58H102N12O13,2-[(2-acetamido-2-methylpropanoyl)amino]-N-[1-[[1-[[1-[2-[[1-[[1-[[1-[2-[(1-hydroxy-4-methylpentan-2-yl)carbamoyl]pyrrolidin-1-yl]-2-methyl-1-oxopropan-2-yl]amino]-4-methyl-1-oxopentan-2-yl]amino]-4-methyl-1-oxopentan-2-yl]carbamoyl]pyrrolidin-1-yl]-2-methyl-1-oxopropan-2-yl]amino]-3-methyl-1-oxobutan-2-yl]amino]-3-methyl-1-oxopentan-2-yl]pentanediamide,Hypomurocin A-4,,,,58,0.6797,365.84,1174.768931324,32,11,13,12,25,83,83,9,0,2,2,0.6797,0.6797,83,1,0,0.0442210646980131,1,0,12,0,10,0,0.031201795861125,0.0782449916005135,0.318194416165352,0.000138506525127013,0.0766440324485302,0.0584309445694089,0.0141748767346144,0.03334975335747,0.00536996542941779,0.874780356884003,0.701913189888,0.111357697099447,0.0162429226562381,0.281805783510208,0.870526468753815,0.00417560827336274,0.00951875920873135,0.00280802819179371,0.00188112086616457,0.0158470541471615,0.0237538809888065,0.00108198643429205,0.775351655483246,0.207493129372597,0.165193903446198,0.000378987276053522,0.00857063597068191,0.00452221299055964,0.00483725015074015,0.150121323019266,0.237475195527077,-5.91114316172158,14.741424241544,109.860328168665,-6.00184405731544,-12.1637955143388,3.29597030237645,1.93838719178917,78.0975746195752,-5.19296733330175,3.54824573217335,2.90810391624661,12.5242341993021,4.80806514152772,9.69367972082202,3.41217526172935,44.823575029081,21.0546723536254,35.401318340442,24.4668476153548,18.2241178751454,97.0918960837534,87.3982163629314,41.1012020162854,16.4404808065142,38.891043039938,24.6607212097712,28.4218689414502,23.9240015509888,18.2241178751454,20.6281504459093,47.2663823187282,8.33656455990694,26.6770065917022,51.8805738658395,62.0007754943777,56.1845676618845,14.4241954245832,41.3726250484684,25.3198914307871,27.9565723148507,13.2997285769678,46.0643660333463,13.8425746413339,27.452500969368,96.9367972082202,26.0566110895696,26.6770065917022,89.0267545560295,59.0151221403645,53.974408685537,11.6711903838697,65.1803024428073,
